CREATE TABLE IF NOT EXISTS "LOAIHG" (
    "MALH" VARCHAR(4) NOT NULL,
    "TENLH" TEXT NOT NULL,
    "MOTALH" TEXT,
    PRIMARY KEY("MALH")
);
INSERT INTO
    LOAIHG(MALH, TENLH, MOTALH)
VALUES
    (
        'L0001',
        'Máy ảnh - Quay phim',
        'Máy ảnh - Quay phim'
    ),
    (
        'L0002',
        'Hàng tiêu dùng - Thực phẩm',
        'Hàng tiêu dùng - Thực phẩm'
    ),
    (
        'L0003',
        'Thể thao - Dã ngoại',
        'Thể thao - Dã ngoại'
    ),
    (
        'L0004',
        'Điện thoại - Máy tính bảng',
        'Điện thoại'
    ),
    (
        'L0005',
        'Phụ kiện - Thiết bị số',
        'Phụ kiện - Thiết bị số'
    ),
    ('L0006', 'Điện gia dụng', 'Điện gia dụng'),
    (
        'L0007',
        'Nhà cửa - Đời sống',
        'Nhà cửa - Đời sống'
    ),
    (
        'L0008',
        'Thời trang - Phụ kiện',
        'Thời trang - Phụ kiện'
    ),
    (
        'L0009',
        'Xe máy - Ô tô - Xe đạp',
        'Xe máy - Ô tô - Xe đạp'
    ),
    ('L0010', 'Hàng quốc tế', 'Hàng quốc tế');
CREATE TABLE IF NOT EXISTS "HANG" (
        "MAHG" VARCHAR(4) NOT NULL,
        "TENHG" TEXT NOT NULL,
        "DONGIA" REAL NOT NULL,
        "MALH" VARCHAR(4) NOT NULL,
        PRIMARY KEY("MAHG"),
        FOREIGN KEY("MALH") REFERENCES "LOAIHG"("MALH")
    );
INSERT INTO
    HANG(MAHG, TENHG, DONGIA, MALH)
VALUES
    (
        'H0001',
        'Camera chống trộm Xiaomi Mi Home',
        '649000',
        'L0001'
    ),
    (
        'H0002',
        'Camera IP Wifi Ezviz C6N',
        '509000',
        'L0001'
    ),
    (
        'H0003',
        'Máy Ảnh Canon EOS 1500D',
        '10409000',
        'L0001'
    ),
    ('H0004', 'Camera Wifi Yoosee', '390000', 'L0001'),
    (
        'H0005',
        'Camera IP Wifi Ezviz CS-CV246',
        '459000',
        'L0001'
    ),
    (
        'H0006',
        'Hộp Film Fujifilm Mini 20 Tấm',
        '249000',
        'L0001'
    ),
    (
        'H0007',
        'Thẻ Nhớ SDXC Sandisk Extreme Pro 256GB',
        '410000',
        'L0001'
    ),
    (
        'H0008',
        'Bộ Kit Camera AHD 2.0Mp Full HD',
        '1990000',
        'L0001'
    ),
    (
        'H0009',
        'Máy Ảnh Lấy Liền Fujifilm Instax Mini 11',
        '1890000',
        'L0001'
    ),
    (
        'H0010',
        'Tay cầm chống rung cho điện thoại Gimbal Zhiyun Smooth 4',
        '1599000',
        'L0001'
    ),
    (
        'H0011',
        'Thùng Bia Tiger 24 Lon',
        '341000',
        'L0002'
    ),
    (
        'H0012',
        'Túi Nước Giặt Omo Matic',
        '151000',
        'L0002'
    ),
    (
        'H0013',
        'Thùng 48 Hộp Sữa Nestlé MILO Nước',
        '315000',
        'L0002'
    ),
    (
        'H0014',
        'Lốc 4 Hộp Sữa Dừa Hạnh Nhân Cocoxim 180ml',
        '32000',
        'L0002'
    ),
    (
        'H0015',
        'Lốc 4 Hộp Sữa Dừa Socola Cocoxim 180ml',
        '32000',
        'L0002'
    ),
    (
        'H0016',
        'Nước Xả Vải Comfort Cho Da Nhạy Cảm',
        '163000',
        'L0002'
    ),
    (
        'H0017',
        'Thùng 36 Hộp Sữa đậu nành Fami Canxi',
        '142000',
        'L0002'
    ),
    (
        'H0018',
        'Rong Nho Trường Thọ - Số 1 Amazon Hoa Kỳ - Hộp 40g',
        '69000',
        'L0002'
    ),
    (
        'H0019',
        'Nước Lau Sàn Sunlight Tinh Dầu Thiên Nhiên',
        '74000',
        'L0002'
    ),
    (
        'H0020',
        'Khô gà lá chanh thượng hạng hiệu TETE',
        '109000',
        'L0002'
    ),
    (
        'H0021',
        'Giày Thể Thao Nữ Hunter Core Festive Collection DSWH01204DOG - Golden Gleam',
        '629000',
        'L0003'
    ),
    (
        'H0022',
        'Dụng Cụ Tập Cổ Tay - Hỗ trợ cổ tay',
        '88000',
        'L0003'
    ),
    (
        'H0023',
        'Xe đạp tập thể dục Air Bike BG',
        '1559000',
        'L0003'
    ),
    (
        'H0024',
        'BG Xe đạp tập thể dục thể thao Spining Bike',
        '2299000',
        'L0003'
    ),
    (
        'H0025',
        'Giày Thể Thao Nữ Hunter Core Festive Collection DSWH01204BAC',
        '629000',
        'L0003'
    ),
    (
        'H0026',
        'Bộ ván trượt mặt nhám cao cấp',
        '438000',
        'L0003'
    ),
    (
        'H0027',
        'Dây đàn hồi tập thể hình Mini band Aolikes AL3603',
        '84900',
        'L0003'
    ),
    (
        'H0028',
        'Giày Thể Thao Nữ Hunter Core Black Line DSWH02900TRG',
        '629000',
        'L0003'
    ),
    (
        'H0029',
        'Găng tay tập GYM, đi phượt bảo vệ cổ tay và khớp ngón tay',
        '89000',
        'L0003'
    ),
    (
        'H0030',
        'Giày cầu lông Kawasaki K080',
        '589000',
        'L0003'
    ),
    (
        'H0031',
        'Điện thoại Mobell M118',
        '189000',
        'L0004'
    ),
    (
        'H0032',
        'Máy tính bảng Kindle Fire HD8 Plus 2020',
        '2749000',
        'L0004'
    ),
    (
        'H0033',
        'Điện thoại bàn không dây Panasonic KX-TGC310',
        '783000',
        'L0004'
    ),
    (
        'H0034',
        'Điện Thoại Samsung Galaxy Note 10',
        '16995000',
        'L0004'
    ),
    (
        'H0035',
        'Điện Thoại Samsung Galaxy A7',
        '6898000',
        'L0004'
    ),
    (
        'H0036',
        'Điện thoại Xiaomi Redmi Note 9',
        '3990000',
        'L0004'
    ),
    (
        'H0037',
        'Điện thoại Cố định Nippon NP-1201',
        '265000',
        'L0004'
    ),
    (
        'H0038',
        'iPad Pro 11 inch (2018) 64GB Wifi Cellular',
        '21490000',
        'L0004'
    ),
    (
        'H0039',
        'Điện Thoại Bàn Panasonic KX-TS500MX',
        '242900',
        'L0004'
    ),
    (
        'H0040',
        'Điện Thoại Vsmart Joy 2+',
        '2790000',
        'L0004'
    ),
    (
        'H0041',
        'Bảng Vẽ Điện Tử Gaomon 1060Pro',
        '619000',
        'L0005'
    ),
    (
        'H0042',
        'Loa Bluetooth Hình Thiên Nga Huawei Honor AM08',
        '179000',
        'L0005'
    ),
    (
        'H0043',
        'Tai Nghe Bluetooth 5.0 I12 TWS Cảm Ứng Nhét Tai Không Dây',
        '95000',
        'L0005'
    ),
    (
        'H0044',
        'Tai nghe Samsung Galaxy J7 Pro',
        '69000',
        'L0005'
    ),
    (
        'H0045',
        'Thảm da trải bàn làm việc 2 mặt cỡ 40 x 80 cm',
        '169000',
        'L0005'
    ),
    (
        'H0046',
        'Bộ Bàn Phím Và Chuột Không Dây Logitech MK240 2016',
        '430000',
        'L0005'
    ),
    (
        'H0047',
        'Đồng hồ thông minh ANNCOE WATCH 5',
        '650000',
        'L0005'
    ),
    (
        'H0048',
        'Bàn Phím Máy Tính Mini K1000',
        '75000',
        'L0005'
    ),
    (
        'H0049',
        'Bộ Găng Tay 4 Ngón Cảm Ứng CONVI CV04',
        '39000',
        'L0005'
    ),
    (
        'H0050',
        'Đồng Hồ Thông Minh Smartwatch Cao Cấp X6 Màn Hình Cong',
        '208000',
        'L0005'
    ),
    (
        'H0051',
        'Máy Vắt Cam Philips HR-2738',
        '419000',
        'L0006'
    ),
    (
        'H0052',
        'Quạt Sạc Comet CRF0705 (5W)',
        '203900',
        'L0006'
    ),
    (
        'H0053',
        'Đầu lọc nước tại vòi Water Purifier',
        '126000',
        'L0006'
    ),
    (
        'H0054',
        'Máy Xay Thịt 2 Lưỡi Kép Bluestone CHB-5139 (2L)',
        '589000',
        'L0006'
    ),
    (
        'H0055',
        'Bàn Ủi Khô Philips HD1172',
        '295000',
        'L0006'
    ),
    (
        'H0056',
        'Bàn Làm Việc Kệ Lửng 80CM',
        '249000',
        'L0007'
    ),
    (
        'H0057',
        'Kệ Để Bàn Chải Kem Đánh Răng OENON',
        '245000',
        'L0007'
    ),
    (
        'H0058',
        'Ổ khóa chống trộm thông minh',
        '161000',
        'L0007'
    ),
    (
        'H0059',
        'Bàn Làm Việc Có Kệ Sách Mẫu Mới',
        '274000',
        'L0007'
    ),
    (
        'H0060',
        'Bình Giữ Nhiệt Lock & Lock Two-Tone Clip Tumbler LHC4151',
        '278000',
        'L0007'
    ),
    (
        'H0061',
        'Áo Thun Nam Tay Lỡ Unisex Hạc JaPan',
        '48000',
        'L0008'
    ),
    (
        'H0062',
        'Set 10 Đôi Vớ Nữ In Hình Gấu Brown Xinh Xắn',
        '36800',
        'L0008'
    ),
    (
        'H0063',
        'Vali kéo Kamiliant ZUKU TSA',
        '799000',
        'L0008'
    ),
    (
        'H0064',
        'Ví/Bóp đăng kiểm ô tô cao cấp, sang trọng ERD21',
        '69000',
        'L0008'
    ),
    (
        'H0065',
        'Balo Unisex Thời Trang Cao Cấp Có Nhiều Ngăn Praza - BLTK182',
        '196000',
        'L0008'
    ),
    (
        'H0066',
        'Xe máy Honda Lead Cao Cấp 2019',
        '40910000',
        'L0009'
    ),
    (
        'H0067',
        'Xe Máy Honda Vision 2019 Bản Đặc Biệt',
        '32890000',
        'L0009'
    ),
    (
        'H0068',
        'Xe Máy Honda Winner X - Phiên Bản Camo - Phanh ABS',
        '43790000',
        'L0009'
    ),
    (
        'H0069',
        'Xe đạp cho bé gái Cody Baby BYN.006',
        '1400000',
        'L0009'
    ),
    (
        'H0070',
        'Mũ Bảo Hiểm 3/4 đầu SRT N168 Freesize',
        '189000',
        'L0009'
    ),
    (
        'H0071',
        'Bàn Chải Đánh Răng Điện Oral B Vitality',
        '498000',
        'L0010'
    ),
    (
        'H0072',
        'Đồng hồ thông minh XIAOMI Haylou LS02',
        '515000',
        'L0010'
    ),
    (
        'H0073',
        'Mặt nạ thạch tinh chất Moisture Q10',
        '170000',
        'L0010'
    ),
    (
        'H0074',
        'BOUYIEE Xịt Tay Khô Diêt khuẩn',
        '220000',
        'L0010'
    ),
    (
        'H0075',
        'Máy đo huyết áp kẹt ngón tay kỹ thuật số màn hình LED',
        '138000',
        'L0010'
    );
CREATE TABLE IF NOT EXISTS "KHACH" (
        "MAKH" VARCHAR(4) NOT NULL,
        "TENKH" TEXT NOT NULL,
        "DTKH" VARCHAR(10) NOT NULL,
        "DCKH" VARCHAR(255) NOT NULL,
        PRIMARY KEY("MAKH")
    );
INSERT INTO
    KHACH(MAKH, TENKH, DTKH, DCKH)
VALUES
    (
        'K0001',
        'Tiêu Lâm Đình',
        '0376492874',
        '8117, Thôn Ân, Phường Đình, Huyện Bùi, Lạng Sơn'
    ),
    (
        'K0002',
        'Giang Thư',
        '0514874514',
        '083 Phố Kiếm, Phường Khanh, Quận Triệu, Quảng Bình'
    ),
    (
        'K0003',
        'Đàm Bội Nhi',
        '0610530835',
        '8118 Phố Nguyễn, Phường Lâm Ngân Cẩn, Huyện 4, Quảng Nam'
    ),
    (
        'K0004',
        'Phạm Thi Tuyến',
        '01231911171',
        '6 Phố Lê Liên Phong, Phường Đào, Huyện Lâm, Quảng Trị'
    ),
    (
        'K0005',
        'Nông Tiên Quyên',
        '0735869779',
        '76 Phố Thạc, Phường Lạc Quảng Hoài, Huyện Trà Luật Kiên, Phú Yên'
    ),
    (
        'K0006',
        'Mâu Kim Mẫn',
        '0548628903',
        '56, Ấp Hạnh Giáp, Thôn Uyển Mẫn, Quận Chinh, Phú Yên'
    ),
    (
        'K0007',
        'Mạch Sơn Tú',
        '0930347038',
        '199 Phố Ngọc, Xã 7, Huyện Hoa, Cần Thơ'
    ),
    (
        'K0008',
        'Biện Di Nương',
        '0670515737',
        '7137, Ấp Trưng Trân, Phường 4, Quận Thanh Đoàn, Kon Tum'
    ),
    (
        'K0009',
        'Lưu Hoa',
        '0325982603',
        '96, Thôn Lân Sử, Xã Hồ Dương Sinh, Huyện Cấn Tâm Nga, Bà Rịa - Vũng Tàu'
    ),
    (
        'K0010',
        'Hồng Ý Mi',
        '0508743271',
        '2222 Phố Quách Đồng Giáp, Xã Liêm Đậu, Huyện Tú, Hồ Chí Minh'
    ),
    (
        'K0011',
        'Nguyễn Thủy',
        '0614524488',
        '592 Phố Thiên, Phường Đàm, Quận Bửu Ty Hải Phòng'
    ),
    (
        'K0012',
        'Mã Khoa Sâm',
        '03506600381',
        '841 Phố Phạm Lan Ca, Xã Thục Kim, Quận 59, Đồng Tháp'
    ),
    (
        'K0013',
        'Mâu Viên',
        '0231856055',
        '31 Phố Phương, Xã Bồ Phú Tuấn, Quận Quản, Hà Nội'
    ),
    (
        'K0014',
        'Khoa Duyên',
        '0706610777',
        '505, Ấp 70, Phường Thục, Quận Khoa, Cà Mau'
    ),
    (
        'K0015',
        'Đàm Lan Thơ',
        '0422207613',
        '3 Phố Thi, Xã Việt Điền, Huyện Thi, Đà Nẵng'
    ),
    (
        'K0016',
        'Phí Sơn Tâm',
        '0703387610',
        '1682 Phố Lan, Xã Phương Lam, Quận Quỳnh Hình, Hồ Chí Minh'
    ),
    (
        'K0017',
        'Phí Lý',
        '0125892941',
        '3588 Phố Bảo Nhi Tấn, Ấp Trang Thạch, Huyện Trang, Quảng Ngãi'
    ),
    (
        'K0018',
        'Thi Thiện An',
        '0215986874',
        '35 Phố Lạc Ngân Chinh, Ấp Nguyên Sâm, Huyện 15, Hà Tĩnh'
    ),
    (
        'K0019',
        'Mai Hà Hoa',
        '0519866409',
        '1 Phố Doãn, Ấp Bồ Khanh, Huyện Chiểu Đào, Bà Rịa - Vũng Tàu'
    ),
    (
        'K0020',
        'Cái Bữu Hỷ',
        '01681249608',
        '39 Phố Tô Khai Tâm, Phường Ca Thiều, Quận 1, Long An'
    ),
    (
        'K0021',
        'Đôn Danh Diệp',
        '03203432476',
        '98 Phố Xa Tiên Thời, Ấp Hạnh Lan, Huyện Sơn Thiện, Bắc Giang'
    ),
    (
        'K0022',
        'Ninh Cương',
        '07112549566',
        '5 Phố Kính, Phường 49, Huyện Thơ Kha, Nghệ An'
    ),
    (
        'K0023',
        'Tăng Đài Mi',
        '01234234979',
        '9 Phố Ca, Thôn Chi Anh, Quận 47, Bắc Ninh'
    ),
    (
        'K0024',
        'Giáp Quân Độ',
        '0920136964',
        '0 Phố Kim Khánh Chiến, Phường Trang, Quận Tòng Độ Ly, Hồ Chí Minh'
    ),
    (
        'K0025',
        'Mẫn Tuệ Đào',
        '0684243192',
        '02 Phố Thái, Xã Phí, Quận 61 Hồ Chí Minh'
    ),
    (
        'K0026',
        'Lại Cát',
        '0211194158',
        '5 Phố Trung, Ấp Bồ Bằng, Quận Xuân Lan, Hải Phòng'
    ),
    (
        'K0027',
        'Phí Huấn',
        '0702732677',
        '032 Phố Mạnh, Xã 46, Huyện Vỹ Diệp, Long An'
    ),
    (
        'K0028',
        'Vương Long Kiệt',
        '0976113979',
        '8347 Phố Văn Bửu Đại, Phường 24, Quận Kiên Hy, Bình Dương'
    ),
    (
        'K0029',
        'Vừ Hà',
        '0741608373',
        '124, Ấp Phong Chương, Phường Thái Duệ Tường, Huyện Điền Vi Định, Nam Định'
    ),
    (
        'K0030',
        'Đới Ca',
        '0377106271',
        '86 Phố Toại, Phường 52, Huyện Thái, Nghệ An'
    );
CREATE TABLE IF NOT EXISTS "DDH" (
        "MADDH" VARCHAR(4) NOT NULL,
        "NGAYDH" DATE NOT NULL,
        "NGAYHL" DATE NOT NULL,
        "MAKH" VARCHAR(4) NOT NULL,
        PRIMARY KEY("MADDH"),
        FOREIGN KEY("MAKH") REFERENCES "KHACH"("MAKH")
    );
INSERT INTO
    DDH(MADDH, NGAYDH, NGAYHL, MAKH)
VALUES
    ('D0001', '2018-06-19', '2018-06-27', 'K0030'),
    ('D0002', '2018-09-19', '2018-09-24', 'K0011'),
    ('D0003', '2018-11-14', '2018-11-21', 'K0016'),
    ('D0004', '2018-02-24', '2018-03-05', 'K0003'),
    ('D0005', '2018-05-10', '2018-05-11', 'K0010'),
    ('D0006', '2018-09-20', '2018-09-23', 'K0018'),
    ('D0007', '2018-12-20', '2018-12-21', 'K0005'),
    ('D0008', '2018-03-07', '2018-03-13', 'K0025'),
    ('D0009', '2018-05-09', '2018-05-15', 'K0016'),
    ('D0010', '2018-09-09', '2018-09-12', 'K0030'),
    ('D0011', '2018-11-18', '2018-11-20', 'K0004'),
    ('D0012', '2018-03-15', '2018-03-16', 'K0023'),
    ('D0013', '2018-06-05', '2018-06-11', 'K0010'),
    ('D0014', '2018-08-23', '2018-08-25', 'K0019'),
    ('D0015', '2018-12-18', '2018-12-22', 'K0013'),
    ('D0016', '2018-03-02', '2018-03-04', 'K0005'),
    ('D0017', '2018-06-26', '2018-07-05', 'K0013'),
    ('D0018', '2018-08-02', '2018-08-05', 'K0025'),
    ('D0019', '2018-11-21', '2018-11-30', 'K0016'),
    ('D0020', '2018-02-14', '2018-02-21', 'K0002'),
    ('D0021', '2018-05-13', '2018-05-17', 'K0026'),
    ('D0022', '2018-08-04', '2018-08-09', 'K0009'),
    ('D0023', '2018-12-05', '2018-12-10', 'K0002'),
    ('D0024', '2018-03-07', '2018-03-11', 'K0011'),
    ('D0025', '2018-05-22', '2018-05-27', 'K0006'),
    ('D0026', '2018-08-18', '2018-08-24', 'K0030'),
    ('D0027', '2018-11-16', '2018-11-21', 'K0029'),
    ('D0028', '2018-02-24', '2018-03-04', 'K0012'),
    ('D0029', '2018-06-17', '2018-06-26', 'K0015'),
    ('D0030', '2018-08-08', '2018-08-13', 'K0008'),
    ('D0031', '2018-11-26', '2018-12-04', 'K0022'),
    ('D0032', '2018-02-16', '2018-02-19', 'K0011'),
    ('D0033', '2018-06-06', '2018-06-08', 'K0013'),
    ('D0034', '2018-08-04', '2018-08-09', 'K0025'),
    ('D0035', '2018-12-23', '2018-12-31', 'K0029'),
    ('D0036', '2018-02-12', '2018-02-21', 'K0020'),
    ('D0037', '2018-05-12', '2018-05-17', 'K0015'),
    ('D0038', '2018-09-13', '2018-09-15', 'K0018'),
    ('D0039', '2018-11-21', '2018-11-29', 'K0023'),
    ('D0040', '2018-02-10', '2018-02-12', 'K0009'),
    ('D0041', '2018-05-07', '2018-05-10', 'K0018'),
    ('D0042', '2018-08-23', '2018-09-01', 'K0008'),
    ('D0043', '2018-11-09', '2018-11-16', 'K0029'),
    ('D0044', '2018-02-16', '2018-02-18', 'K0027'),
    ('D0045', '2018-06-07', '2018-06-14', 'K0008'),
    ('D0046', '2018-08-10', '2018-08-18', 'K0013'),
    ('D0047', '2018-12-19', '2018-12-25', 'K0010'),
    ('D0048', '2018-03-10', '2018-03-19', 'K0011'),
    ('D0049', '2018-05-20', '2018-05-27', 'K0030'),
    ('D0050', '2018-09-17', '2018-09-24', 'K0018'),
    ('D0051', '2019-11-13', '2019-11-16', 'K0017'),
    ('D0052', '2019-02-07', '2019-02-08', 'K0028'),
    ('D0053', '2019-05-23', '2019-05-24', 'K0008'),
    ('D0054', '2019-08-20', '2019-08-23', 'K0026'),
    ('D0055', '2019-12-09', '2019-12-11', 'K0003'),
    ('D0056', '2019-03-06', '2019-03-07', 'K0027'),
    ('D0057', '2019-06-16', '2019-06-17', 'K0012'),
    ('D0058', '2019-08-25', '2019-08-26', 'K0020'),
    ('D0059', '2019-12-06', '2019-12-09', 'K0026'),
    ('D0060', '2019-02-27', '2019-03-01', 'K0005'),
    ('D0061', '2019-05-09', '2019-05-17', 'K0004'),
    ('D0062', '2019-08-02', '2019-08-06', 'K0011'),
    ('D0063', '2019-12-11', '2019-12-14', 'K0024'),
    ('D0064', '2019-03-27', '2019-04-01', 'K0005'),
    ('D0065', '2019-05-15', '2019-05-17', 'K0020'),
    ('D0066', '2019-09-15', '2019-09-24', 'K0007'),
    ('D0067', '2019-11-02', '2019-11-09', 'K0013'),
    ('D0068', '2019-03-09', '2019-03-11', 'K0008'),
    ('D0069', '2019-06-11', '2019-06-18', 'K0018'),
    ('D0070', '2019-08-05', '2019-08-09', 'K0016'),
    ('D0071', '2019-11-10', '2019-11-18', 'K0003'),
    ('D0072', '2019-03-23', '2019-03-28', 'K0016'),
    ('D0073', '2019-06-09', '2019-06-13', 'K0009'),
    ('D0074', '2019-08-12', '2019-08-21', 'K0017'),
    ('D0075', '2019-12-19', '2019-12-26', 'K0013'),
    ('D0076', '2019-02-13', '2019-02-20', 'K0022'),
    ('D0077', '2019-06-15', '2019-06-22', 'K0004'),
    ('D0078', '2019-09-24', '2019-09-28', 'K0016'),
    ('D0079', '2019-12-13', '2019-12-15', 'K0013'),
    ('D0080', '2019-03-15', '2019-03-24', 'K0002'),
    ('D0081', '2019-05-19', '2019-05-24', 'K0017'),
    ('D0082', '2019-08-05', '2019-08-10', 'K0017'),
    ('D0083', '2019-11-10', '2019-11-13', 'K0005'),
    ('D0084', '2019-03-14', '2019-03-22', 'K0018'),
    ('D0085', '2019-06-04', '2019-06-05', 'K0021'),
    ('D0086', '2019-09-10', '2019-09-13', 'K0022'),
    ('D0087', '2019-11-06', '2019-11-15', 'K0013'),
    ('D0088', '2019-03-12', '2019-03-21', 'K0013'),
    ('D0089', '2019-05-22', '2019-05-26', 'K0020'),
    ('D0090', '2019-09-12', '2019-09-14', 'K0012'),
    ('D0091', '2019-11-17', '2019-11-26', 'K0008'),
    ('D0092', '2019-03-13', '2019-03-14', 'K0024'),
    ('D0093', '2019-06-16', '2019-06-21', 'K0023'),
    ('D0094', '2019-09-15', '2019-09-20', 'K0026'),
    ('D0095', '2019-11-26', '2019-11-27', 'K0021'),
    ('D0096', '2019-03-04', '2019-03-12', 'K0026'),
    ('D0097', '2019-05-03', '2019-05-09', 'K0026'),
    ('D0098', '2019-09-16', '2019-09-25', 'K0026'),
    ('D0099', '2019-12-12', '2019-12-16', 'K0022'),
    ('D0100', '2019-03-23', '2019-03-30', 'K0015'),
    ('D0101', '2020-05-09', '2020-05-12', 'K0018'),
    ('D0102', '2020-09-11', '2020-09-14', 'K0003'),
    ('D0103', '2020-11-17', '2020-11-18', 'K0023'),
    ('D0104', '2020-02-07', '2020-02-15', 'K0024'),
    ('D0105', '2020-05-12', '2020-05-16', 'K0015'),
    ('D0106', '2020-08-02', '2020-08-09', 'K0011'),
    ('D0107', '2020-12-05', '2020-12-08', 'K0030'),
    ('D0108', '2020-02-05', '2020-02-12', 'K0022'),
    ('D0109', '2020-05-22', '2020-05-23', 'K0005'),
    ('D0110', '2020-08-11', '2020-08-20', 'K0011'),
    ('D0111', '2020-11-26', '2020-12-04', 'K0019'),
    ('D0112', '2020-02-13', '2020-02-16', 'K0019'),
    ('D0113', '2020-05-23', '2020-05-30', 'K0028'),
    ('D0114', '2020-09-02', '2020-09-04', 'K0002'),
    ('D0115', '2020-11-02', '2020-11-04', 'K0006'),
    ('D0116', '2020-03-21', '2020-03-24', 'K0015'),
    ('D0117', '2020-06-27', '2020-07-02', 'K0028'),
    ('D0118', '2020-08-02', '2020-08-08', 'K0021'),
    ('D0119', '2020-12-24', '2020-12-27', 'K0014'),
    ('D0120', '2020-02-15', '2020-02-24', 'K0029'),
    ('D0121', '2020-06-01', '2020-06-05', 'K0006'),
    ('D0122', '2020-09-21', '2020-09-23', 'K0029'),
    ('D0123', '2020-11-06', '2020-11-10', 'K0019'),
    ('D0124', '2020-02-25', '2020-03-01', 'K0015'),
    ('D0125', '2020-06-10', '2020-06-17', 'K0021'),
    ('D0126', '2020-09-24', '2020-09-29', 'K0013'),
    ('D0127', '2020-11-14', '2020-11-20', 'K0013'),
    ('D0128', '2020-03-01', '2020-03-07', 'K0006'),
    ('D0129', '2020-06-24', '2020-06-30', 'K0002'),
    ('D0130', '2020-08-09', '2020-08-11', 'K0020'),
    ('D0131', '2020-11-15', '2020-11-22', 'K0008'),
    ('D0132', '2020-03-05', '2020-03-11', 'K0005'),
    ('D0133', '2020-06-07', '2020-06-15', 'K0015'),
    ('D0134', '2020-08-26', '2020-08-30', 'K0025'),
    ('D0135', '2020-11-23', '2020-11-30', 'K0024'),
    ('D0136', '2020-02-17', '2020-02-21', 'K0017'),
    ('D0137', '2020-05-27', '2020-05-29', 'K0012'),
    ('D0138', '2020-09-08', '2020-09-15', 'K0026'),
    ('D0139', '2020-11-05', '2020-11-14', 'K0004'),
    ('D0140', '2020-02-12', '2020-02-20', 'K0022'),
    ('D0141', '2020-06-15', '2020-06-22', 'K0020'),
    ('D0142', '2020-09-01', '2020-09-04', 'K0029'),
    ('D0143', '2020-11-05', '2020-11-06', 'K0029'),
    ('D0144', '2020-02-15', '2020-02-17', 'K0003'),
    ('D0145', '2020-05-03', '2020-05-08', 'K0020'),
    ('D0146', '2020-09-19', '2020-09-27', 'K0011'),
    ('D0147', '2020-11-05', '2020-11-10', 'K0007'),
    ('D0148', '2020-03-15', '2020-03-20', 'K0009'),
    ('D0149', '2020-06-26', '2020-06-29', 'K0022'),
    ('D0150', '2020-08-07', '2020-08-15', 'K0022');
CREATE TABLE "CTDDH" (
        "MADDH" VARCHAR(4) NOT NULL,
        "MAHG" VARCHAR(4) NOT NULL,
        "SLDAT" INTEGER NOT NULL DEFAULT 1,
        FOREIGN KEY("MADDH") REFERENCES "DDH"("MADDH"),
        FOREIGN KEY("MAHG") REFERENCES "HANG"("MAHG"),
        PRIMARY KEY("MADDH", "MAHG")
    );
INSERT INTO
    CTDDH(MADDH, MAHG, SLDAT)
VALUES
    ('D0001', 'H0072', 15),('D0001', 'H0062', 3),('D0001', 'H0018', 3),('D0002', 'H0009', 12),('D0002', 'H0046', 15),('D0002', 'H0018', 2),('D0002', 'H0035', 17),('D0002', 'H0064', 2),('D0003', 'H0032', 11),('D0003', 'H0073', 12),('D0003', 'H0016', 13),('D0003', 'H0021', 8),('D0004', 'H0003', 18),('D0004', 'H0023', 4),('D0004', 'H0067', 12),('D0004', 'H0035', 10),('D0005', 'H0012', 11),('D0005', 'H0064', 5),('D0005', 'H0038', 15),('D0005', 'H0036', 18),('D0005', 'H0070', 13),('D0005', 'H0040', 14),('D0006', 'H0047', 19),('D0006', 'H0019', 7),('D0006', 'H0061', 18),('D0006', 'H0002', 5),('D0007', 'H0064', 9),('D0007', 'H0001', 4),('D0007', 'H0014', 19),('D0007', 'H0028', 7),('D0007', 'H0063', 3),('D0008', 'H0065', 6),('D0008', 'H0031', 2),('D0008', 'H0012', 14),('D0008', 'H0011', 14),('D0008', 'H0041', 15),('D0009', 'H0045', 4),('D0009', 'H0017', 14),('D0009', 'H0074', 8),('D0009', 'H0063', 10),('D0009', 'H0041', 1),('D0010', 'H0045', 16),('D0010', 'H0021', 2),('D0010', 'H0023', 2),('D0011', 'H0064', 1),('D0011', 'H0043', 15),('D0011', 'H0042', 18),('D0011', 'H0016', 12),('D0011', 'H0006', 12),('D0012', 'H0047', 14),('D0012', 'H0070', 7),('D0012', 'H0063', 14),('D0013', 'H0027', 6),('D0013', 'H0011', 15),('D0013', 'H0053', 6),('D0013', 'H0003', 15),('D0014', 'H0003', 12),('D0014', 'H0022', 16),('D0014', 'H0014', 16),('D0015', 'H0038', 12),('D0015', 'H0056', 9),('D0015', 'H0003', 16),('D0015', 'H0058', 8),('D0015', 'H0069', 6),('D0015', 'H0073', 5),('D0016', 'H0045', 16),('D0016', 'H0042', 14),('D0016', 'H0008', 13),('D0016', 'H0061', 16),('D0016', 'H0034', 11),('D0017', 'H0050', 12),('D0017', 'H0024', 4),('D0017', 'H0058', 6),('D0017', 'H0026', 9),('D0017', 'H0017', 19),('D0018', 'H0008', 3),('D0018', 'H0010', 12),('D0018', 'H0038', 13),('D0018', 'H0065', 1),('D0019', 'H0043', 9),('D0019', 'H0037', 5),('D0019', 'H0049', 15),('D0020', 'H0008', 12),('D0020', 'H0031', 11),('D0020', 'H0004', 11),('D0021', 'H0021', 13),('D0021', 'H0025', 16),('D0021', 'H0067', 13),('D0021', 'H0016', 14),('D0021', 'H0040', 16),('D0022', 'H0006', 11),('D0022', 'H0057', 18),('D0022', 'H0055', 2),('D0023', 'H0051', 8),('D0023', 'H0066', 16),('D0023', 'H0019', 6),('D0024', 'H0074', 10),('D0024', 'H0068', 13),('D0024', 'H0052', 1),('D0024', 'H0006', 19),('D0025', 'H0047', 9),('D0025', 'H0021', 5),('D0025', 'H0066', 10),('D0025', 'H0024', 16),('D0025', 'H0072', 5),('D0026', 'H0017', 10),('D0026', 'H0037', 8),('D0026', 'H0040', 7),('D0026', 'H0026', 18),('D0027', 'H0038', 2),('D0027', 'H0066', 17),('D0027', 'H0037', 5),('D0027', 'H0012', 14),('D0027', 'H0030', 1),('D0028', 'H0066', 19),('D0028', 'H0043', 17),('D0028', 'H0056', 2),('D0029', 'H0036', 19),('D0029', 'H0073', 13),('D0029', 'H0056', 9),('D0029', 'H0001', 1),('D0029', 'H0024', 3),('D0030', 'H0021', 14),('D0030', 'H0045', 2),('D0030', 'H0035', 6),('D0030', 'H0061', 8),('D0031', 'H0034', 16),('D0031', 'H0019', 3),('D0031', 'H0010', 17),('D0031', 'H0072', 18),('D0032', 'H0040', 10),('D0032', 'H0059', 13),('D0032', 'H0004', 9),('D0032', 'H0033', 7),('D0032', 'H0070', 10),('D0033', 'H0063', 2),('D0033', 'H0008', 14),('D0033', 'H0046', 10),('D0034', 'H0042', 1),('D0034', 'H0033', 18),('D0034', 'H0052', 1),('D0034', 'H0004', 14),('D0035', 'H0040', 15),('D0035', 'H0051', 18),('D0035', 'H0005', 18),('D0036', 'H0032', 18),('D0036', 'H0022', 10),('D0036', 'H0027', 4),('D0036', 'H0007', 4),('D0036', 'H0037', 9),('D0036', 'H0042', 1),('D0037', 'H0015', 2),('D0037', 'H0035', 12),('D0037', 'H0040', 13),('D0037', 'H0065', 7),('D0037', 'H0058', 8),('D0038', 'H0008', 17),('D0038', 'H0018', 14),('D0038', 'H0034', 8),('D0039', 'H0043', 18),('D0039', 'H0059', 17),('D0039', 'H0013', 7),('D0040', 'H0014', 19),('D0040', 'H0008', 13),('D0040', 'H0032', 9),('D0040', 'H0022', 16),('D0041', 'H0043', 17),('D0041', 'H0013', 14),('D0041', 'H0047', 16),('D0041', 'H0066', 4),('D0041', 'H0022', 15),('D0042', 'H0039', 19),('D0042', 'H0074', 17),('D0042', 'H0029', 17),('D0042', 'H0045', 2),('D0043', 'H0029', 14),('D0043', 'H0045', 19),('D0043', 'H0069', 18),('D0043', 'H0040', 19),('D0044', 'H0073', 1),('D0044', 'H0037', 14),('D0044', 'H0040', 6),('D0044', 'H0044', 6),('D0044', 'H0052', 1),('D0044', 'H0017', 11),('D0045', 'H0003', 18),('D0045', 'H0068', 12),('D0045', 'H0012', 3),('D0045', 'H0043', 14),('D0045', 'H0034', 8),('D0046', 'H0061', 7),('D0046', 'H0002', 13),('D0046', 'H0074', 9),('D0047', 'H0052', 11),('D0047', 'H0014', 19),('D0047', 'H0068', 19),('D0047', 'H0063', 18),('D0048', 'H0066', 15),('D0048', 'H0037', 16),('D0048', 'H0005', 4),('D0049', 'H0055', 17),('D0049', 'H0018', 3),('D0049', 'H0061', 11),('D0050', 'H0010', 19),('D0050', 'H0053', 13),('D0050', 'H0045', 15),('D0050', 'H0074', 15),('D0050', 'H0055', 8),('D0050', 'H0050', 12),('D0051', 'H0045', 19),('D0051', 'H0014', 19),('D0051', 'H0020', 15),('D0051', 'H0005', 8),('D0052', 'H0060', 14),('D0052', 'H0027', 13),('D0052', 'H0059', 8),('D0052', 'H0010', 11),('D0052', 'H0045', 19),('D0052', 'H0069', 4),('D0053', 'H0030', 1),('D0053', 'H0070', 19),('D0053', 'H0022', 2),('D0053', 'H0053', 8),('D0053', 'H0057', 7),('D0054', 'H0044', 7),('D0054', 'H0039', 17),('D0054', 'H0028', 6),('D0055', 'H0039', 18),('D0055', 'H0059', 15),('D0055', 'H0014', 3),('D0055', 'H0047', 4),('D0055', 'H0065', 14),('D0055', 'H0029', 11),('D0056', 'H0058', 12),('D0056', 'H0028', 10),('D0056', 'H0025', 14),('D0056', 'H0049', 6),('D0056', 'H0052', 7),('D0056', 'H0072', 17),('D0057', 'H0002', 10),('D0057', 'H0032', 17),('D0057', 'H0063', 5),('D0057', 'H0070', 2),('D0057', 'H0030', 1),('D0057', 'H0045', 12),('D0058', 'H0062', 19),('D0058', 'H0044', 3),('D0058', 'H0039', 16),('D0058', 'H0009', 10),('D0058', 'H0002', 17),('D0059', 'H0028', 9),('D0059', 'H0037', 14),('D0059', 'H0063', 9),('D0059', 'H0049', 12),('D0059', 'H0050', 15),('D0059', 'H0039', 18),('D0060', 'H0024', 17),('D0060', 'H0035', 4),('D0060', 'H0039', 4),('D0060', 'H0010', 17),('D0061', 'H0064', 16),('D0061', 'H0027', 4),('D0061', 'H0072', 16),('D0061', 'H0022', 1),('D0061', 'H0002', 13),('D0062', 'H0041', 4),('D0062', 'H0060', 6),('D0062', 'H0071', 2),('D0062', 'H0027', 17),('D0063', 'H0073', 15),('D0063', 'H0016', 12),('D0063', 'H0054', 14),('D0064', 'H0001', 7),('D0064', 'H0064', 12),('D0064', 'H0020', 10),('D0064', 'H0051', 13),('D0064', 'H0007', 6),('D0064', 'H0065', 2),('D0065', 'H0040', 16),('D0065', 'H0072', 15),('D0065', 'H0059', 16),('D0066', 'H0036', 9),('D0066', 'H0025', 12),('D0066', 'H0047', 18),('D0066', 'H0054', 16),('D0066', 'H0008', 11),('D0066', 'H0042', 15),('D0067', 'H0003', 9),('D0067', 'H0049', 10),('D0067', 'H0056', 18),('D0067', 'H0026', 11),('D0068', 'H0070', 8),('D0068', 'H0053', 2),('D0068', 'H0009', 17),('D0068', 'H0004', 5),('D0069', 'H0057', 15),('D0069', 'H0010', 10),('D0069', 'H0059', 12),('D0069', 'H0032', 16),('D0069', 'H0012', 2),('D0069', 'H0022', 4),('D0070', 'H0055', 7),('D0070', 'H0040', 13),('D0070', 'H0059', 10),('D0070', 'H0034', 17),('D0070', 'H0058', 14),('D0071', 'H0041', 15),('D0071', 'H0022', 4),('D0071', 'H0066', 7),('D0071', 'H0012', 9),('D0072', 'H0002', 5),('D0072', 'H0057', 15),('D0072', 'H0004', 5),('D0072', 'H0041', 9),('D0073', 'H0068', 3),('D0073', 'H0033', 8),('D0073', 'H0062', 14),('D0074', 'H0072', 17),('D0074', 'H0059', 11),('D0074', 'H0013', 13),('D0075', 'H0062', 4),('D0075', 'H0056', 16),('D0075', 'H0037', 11),('D0075', 'H0005', 19),('D0075', 'H0036', 2),('D0075', 'H0030', 16),('D0076', 'H0047', 2),('D0076', 'H0053', 5),('D0076', 'H0014', 7),('D0077', 'H0031', 3),('D0077', 'H0043', 5),('D0077', 'H0049', 12),('D0077', 'H0016', 5),('D0077', 'H0059', 19),('D0078', 'H0059', 16),('D0078', 'H0041', 11),('D0078', 'H0060', 4),('D0078', 'H0040', 15),('D0078', 'H0015', 9),('D0078', 'H0042', 14),('D0079', 'H0047', 9),('D0079', 'H0010', 13),('D0079', 'H0054', 19),('D0080', 'H0021', 18),('D0080', 'H0042', 9),('D0080', 'H0037', 7),('D0081', 'H0032', 6),('D0081', 'H0064', 10),('D0081', 'H0070', 13),('D0081', 'H0061', 12),('D0081', 'H0033', 10),('D0082', 'H0030', 2),('D0082', 'H0027', 6),('D0082', 'H0047', 18),('D0083', 'H0030', 16),('D0083', 'H0039', 2),('D0083', 'H0019', 14),('D0083', 'H0023', 10),('D0084', 'H0064', 6),('D0084', 'H0029', 10),('D0084', 'H0009', 1),('D0084', 'H0015', 17),('D0084', 'H0041', 16),('D0084', 'H0006', 15),('D0085', 'H0040', 19),('D0085', 'H0066', 15),('D0085', 'H0051', 1),('D0085', 'H0009', 15),('D0085', 'H0058', 13),('D0086', 'H0048', 10),('D0086', 'H0051', 5),('D0086', 'H0063', 14),('D0086', 'H0074', 17),('D0086', 'H0015', 6),('D0087', 'H0002', 5),('D0087', 'H0043', 4),('D0087', 'H0070', 10),('D0087', 'H0069', 9),('D0088', 'H0043', 6),('D0088', 'H0020', 17),('D0088', 'H0030', 5),('D0088', 'H0029', 12),('D0088', 'H0045', 11),('D0088', 'H0048', 16),('D0089', 'H0002', 19),('D0089', 'H0060', 16),('D0089', 'H0003', 19),('D0089', 'H0042', 17),('D0089', 'H0046', 13),('D0090', 'H0063', 1),('D0090', 'H0024', 2),('D0090', 'H0041', 14),('D0090', 'H0007', 1),('D0091', 'H0074', 13),('D0091', 'H0072', 19),('D0091', 'H0057', 12),('D0092', 'H0023', 17),('D0092', 'H0056', 17),('D0092', 'H0040', 6),('D0092', 'H0063', 11),('D0092', 'H0027', 19),('D0093', 'H0020', 17),('D0093', 'H0051', 6),('D0093', 'H0067', 11),('D0093', 'H0018', 2),('D0093', 'H0063', 2),('D0093', 'H0066', 10),('D0094', 'H0066', 14),('D0094', 'H0044', 6),('D0094', 'H0050', 18),('D0095', 'H0066', 3),('D0095', 'H0034', 15),('D0095', 'H0003', 14),('D0095', 'H0017', 11),('D0095', 'H0064', 7),('D0096', 'H0074', 18),('D0096', 'H0005', 10),('D0096', 'H0025', 6),('D0096', 'H0035', 11),('D0097', 'H0024', 13),('D0097', 'H0066', 5),('D0097', 'H0015', 4),('D0097', 'H0006', 2),('D0097', 'H0054', 4),('D0097', 'H0067', 5),('D0098', 'H0035', 16),('D0098', 'H0049', 10),('D0098', 'H0025', 2),('D0098', 'H0024', 14),('D0099', 'H0073', 3),('D0099', 'H0021', 1),('D0099', 'H0067', 17),('D0100', 'H0063', 1),('D0100', 'H0047', 8),('D0100', 'H0062', 18),('D0100', 'H0005', 2),('D0100', 'H0015', 5),('D0100', 'H0001', 10),('D0101', 'H0024', 11),('D0101', 'H0025', 13),('D0101', 'H0028', 8),('D0101', 'H0007', 19),('D0101', 'H0074', 17),('D0102', 'H0015', 6),('D0102', 'H0054', 19),('D0102', 'H0026', 11),('D0103', 'H0069', 19),('D0103', 'H0008', 2),('D0103', 'H0051', 2),('D0103', 'H0039', 14),('D0103', 'H0050', 14),('D0104', 'H0050', 1),('D0104', 'H0029', 8),('D0104', 'H0002', 15),('D0105', 'H0004', 6),('D0105', 'H0074', 14),('D0105', 'H0020', 1),('D0105', 'H0066', 3),('D0105', 'H0038', 14),('D0106', 'H0035', 10),('D0106', 'H0023', 15),('D0106', 'H0043', 16),('D0106', 'H0056', 18),('D0106', 'H0007', 18),('D0106', 'H0053', 7),('D0107', 'H0029', 9),('D0107', 'H0031', 16),('D0107', 'H0040', 18),('D0107', 'H0032', 15),('D0107', 'H0054', 7),('D0107', 'H0008', 4),('D0108', 'H0017', 3),('D0108', 'H0020', 1),('D0108', 'H0009', 4),('D0109', 'H0023', 17),('D0109', 'H0011', 1),('D0109', 'H0074', 19),('D0109', 'H0005', 3),('D0110', 'H0059', 1),('D0110', 'H0038', 13),('D0110', 'H0033', 13),('D0111', 'H0045', 12),('D0111', 'H0065', 11),('D0111', 'H0044', 4),('D0111', 'H0069', 16),('D0111', 'H0018', 13),('D0111', 'H0031', 13),('D0112', 'H0061', 1),('D0112', 'H0039', 13),('D0112', 'H0005', 5),('D0112', 'H0056', 7),('D0113', 'H0064', 17),('D0113', 'H0009', 16),('D0113', 'H0002', 11),('D0113', 'H0017', 18),('D0114', 'H0013', 1),('D0114', 'H0040', 18),('D0114', 'H0019', 11),('D0114', 'H0065', 16),('D0114', 'H0044', 2),('D0115', 'H0003', 3),('D0115', 'H0043', 16),('D0115', 'H0057', 1),('D0115', 'H0066', 11),('D0115', 'H0058', 6),('D0115', 'H0008', 7),('D0116', 'H0051', 18),('D0116', 'H0054', 3),('D0116', 'H0021', 2),('D0116', 'H0053', 16),('D0116', 'H0047', 15),('D0117', 'H0029', 9),('D0117', 'H0026', 9),('D0117', 'H0028', 7),('D0117', 'H0024', 18),('D0118', 'H0053', 13),('D0118', 'H0024', 15),('D0118', 'H0020', 19),('D0118', 'H0030', 1),('D0118', 'H0054', 16),('D0119', 'H0040', 18),('D0119', 'H0018', 8),('D0119', 'H0060', 5),('D0120', 'H0020', 16),('D0120', 'H0056', 15),('D0120', 'H0033', 17),('D0120', 'H0039', 11),('D0120', 'H0036', 12),('D0121', 'H0058', 8),('D0121', 'H0054', 15),('D0121', 'H0029', 16),('D0122', 'H0029', 4),('D0122', 'H0065', 2),('D0122', 'H0016', 18),('D0122', 'H0059', 3),('D0123', 'H0021', 12),('D0123', 'H0022', 19),('D0123', 'H0003', 19),('D0123', 'H0069', 2),('D0123', 'H0062', 18),('D0123', 'H0020', 1),('D0124', 'H0048', 7),('D0124', 'H0015', 1),('D0124', 'H0063', 10),('D0124', 'H0003', 9),('D0125', 'H0003', 10),('D0125', 'H0049', 1),('D0125', 'H0047', 13),('D0125', 'H0002', 17),('D0126', 'H0022', 4),('D0126', 'H0017', 14),('D0126', 'H0033', 13),('D0126', 'H0074', 4),('D0126', 'H0006', 12),('D0127', 'H0070', 7),('D0127', 'H0030', 8),('D0127', 'H0064', 11),('D0127', 'H0050', 18),('D0128', 'H0025', 4),('D0128', 'H0074', 7),('D0128', 'H0007', 10),('D0128', 'H0015', 16),('D0129', 'H0005', 7),('D0129', 'H0012', 12),('D0129', 'H0038', 8),('D0129', 'H0037', 9),('D0130', 'H0060', 4),('D0130', 'H0065', 15),('D0130', 'H0057', 13),('D0131', 'H0008', 14),('D0131', 'H0070', 18),('D0131', 'H0065', 13),('D0131', 'H0053', 12),('D0131', 'H0052', 4),('D0132', 'H0058', 15),('D0132', 'H0038', 16),('D0132', 'H0039', 14),('D0133', 'H0026', 1),('D0133', 'H0013', 18),('D0133', 'H0042', 12),('D0133', 'H0059', 1),('D0133', 'H0049', 19),('D0133', 'H0032', 16),('D0134', 'H0030', 14),('D0134', 'H0009', 19),('D0134', 'H0045', 17),('D0134', 'H0024', 2),('D0134', 'H0051', 16),('D0135', 'H0054', 19),('D0135', 'H0050', 19),('D0135', 'H0040', 2),('D0135', 'H0005', 12),('D0136', 'H0026', 18),('D0136', 'H0009', 16),('D0136', 'H0025', 14),('D0136', 'H0022', 17),('D0137', 'H0026', 13),('D0137', 'H0031', 1),('D0137', 'H0024', 16),('D0137', 'H0049', 16),('D0137', 'H0008', 9),('D0138', 'H0019', 10),('D0138', 'H0021', 6),('D0138', 'H0034', 3),('D0139', 'H0068', 1),('D0139', 'H0072', 15),('D0139', 'H0051', 1),('D0139', 'H0025', 6),('D0139', 'H0021', 3),('D0139', 'H0020', 19),('D0140', 'H0025', 2),('D0140', 'H0045', 6),('D0140', 'H0055', 15),('D0141', 'H0022', 9),('D0141', 'H0074', 14),('D0141', 'H0065', 6),('D0141', 'H0004', 2),('D0142', 'H0050', 4),('D0142', 'H0074', 6),('D0142', 'H0017', 13),('D0142', 'H0039', 19),('D0142', 'H0009', 12),('D0143', 'H0045', 17),('D0143', 'H0055', 7),('D0143', 'H0071', 15),('D0143', 'H0056', 11),('D0143', 'H0059', 9),('D0143', 'H0037', 14),('D0144', 'H0018', 10),('D0144', 'H0054', 2),('D0144', 'H0064', 6),('D0144', 'H0007', 17),('D0145', 'H0071', 16),('D0145', 'H0053', 4),('D0145', 'H0042', 1),('D0145', 'H0060', 17),('D0146', 'H0012', 10),('D0146', 'H0054', 15),('D0146', 'H0072', 18),('D0146', 'H0040', 6),('D0146', 'H0067', 9),('D0146', 'H0053', 4),('D0147', 'H0012', 9),('D0147', 'H0014', 17),('D0147', 'H0051', 9),('D0147', 'H0020', 3),('D0148', 'H0002', 1),('D0148', 'H0061', 6),('D0148', 'H0041', 12),('D0148', 'H0034', 8),('D0148', 'H0060', 10),('D0148', 'H0023', 6),('D0149', 'H0032', 15),('D0149', 'H0068', 15),('D0149', 'H0048', 13),('D0150', 'H0072', 3),('D0150', 'H0017', 18),('D0150', 'H0064', 8);
CREATE TABLE "DOTGIAO" (
        "MADGH" VARCHAR(4) NOT NULL,
        "MADDH" VARCHAR(4) NOT NULL,
        "NGAYDGH" DATE NOT NULL,
        FOREIGN KEY("MADDH") REFERENCES "DDH"("MADDH"),
        PRIMARY KEY("MADDH", "MADGH")
    );
INSERT INTO
    DOTGIAO (MADGH, NGAYDGH, MADDH)
VALUES
    ('G0001', '2018-07-06', 'D0001'),
    ('G0002', '2018-10-11', 'D0002'),
    ('G0003', '2018-11-30', 'D0003'),
    ('G0004', '2018-11-23', 'D0003'),
    ('G0005', '2018-12-10', 'D0003'),
    ('G0006', '2018-11-30', 'D0003'),
    ('G0007', '2018-03-24', 'D0004'),
    ('G0008', '2018-02-26', 'D0004'),
    ('G0009', '2018-03-08', 'D0004'),
    ('G0010', '2018-03-22', 'D0004'),
    ('G0011', '2018-10-05', 'D0006'),
    ('G0012', '2018-10-03', 'D0006'),
    ('G0013', '2018-10-15', 'D0006'),
    ('G0014', '2018-12-24', 'D0007'),
    ('G0015', '2018-12-27', 'D0007'),
    ('G0016', '2018-12-27', 'D0007'),
    ('G0017', '2018-12-26', 'D0007'),
    ('G0018', '2018-03-27', 'D0008'),
    ('G0019', '2018-03-27', 'D0008'),
    ('G0020', '2018-03-20', 'D0008'),
    ('G0021', '2018-05-13', 'D0009'),
    ('G0022', '2018-05-16', 'D0009'),
    ('G0023', '2018-05-26', 'D0009'),
    ('G0024', '2018-05-28', 'D0009'),
    ('G0025', '2018-09-22', 'D0010'),
    ('G0026', '2018-10-06', 'D0010'),
    ('G0027', '2018-09-13', 'D0010'),
    ('G0028', '2018-11-24', 'D0011'),
    ('G0029', '2018-12-07', 'D0011'),
    ('G0030', '2018-12-11', 'D0011'),
    ('G0031', '2018-12-08', 'D0011'),
    ('G0032', '2018-03-22', 'D0012'),
    ('G0033', '2018-03-26', 'D0012'),
    ('G0034', '2018-03-19', 'D0012'),
    ('G0035', '2018-07-03', 'D0013'),
    ('G0036', '2018-06-19', 'D0013'),
    ('G0037', '2018-06-24', 'D0013'),
    ('G0038', '2018-06-18', 'D0013'),
    ('G0039', '2018-08-26', 'D0014'),
    ('G0040', '2018-09-11', 'D0014'),
    ('G0041', '2018-09-13', 'D0014'),
    ('G0042', '2018-09-21', 'D0014'),
    ('G0043', '2018-12-25', 'D0015'),
    ('G0044', '2019-01-14', 'D0015'),
    ('G0045', '2019-01-09', 'D0015'),
    ('G0046', '2018-03-11', 'D0016'),
    ('G0047', '2018-03-21', 'D0016'),
    ('G0048', '2018-03-22', 'D0016'),
    ('G0049', '2018-07-14', 'D0017'),
    ('G0050', '2018-07-23', 'D0017'),
    ('G0051', '2018-07-06', 'D0017'),
    ('G0052', '2018-07-15', 'D0017'),
    ('G0053', '2018-08-27', 'D0018'),
    ('G0054', '2018-08-29', 'D0018'),
    ('G0055', '2018-08-20', 'D0018'),
    ('G0056', '2018-08-08', 'D0022'),
    ('G0057', '2018-08-17', 'D0022'),
    ('G0058', '2019-01-02', 'D0023'),
    ('G0059', '2018-12-25', 'D0023'),
    ('G0060', '2018-06-06', 'D0025'),
    ('G0061', '2018-06-13', 'D0025'),
    ('G0062', '2018-06-17', 'D0025'),
    ('G0063', '2018-05-25', 'D0025'),
    ('G0064', '2018-08-30', 'D0026'),
    ('G0065', '2018-03-09', 'D0028'),
    ('G0066', '2018-03-06', 'D0028'),
    ('G0067', '2018-02-28', 'D0028'),
    ('G0068', '2018-07-13', 'D0029'),
    ('G0069', '2018-07-10', 'D0029'),
    ('G0070', '2018-07-12', 'D0029'),
    ('G0071', '2018-06-20', 'D0029'),
    ('G0072', '2018-09-03', 'D0030'),
    ('G0073', '2018-09-04', 'D0030'),
    ('G0074', '2018-12-17', 'D0031'),
    ('G0075', '2018-12-13', 'D0031'),
    ('G0076', '2018-12-18', 'D0031'),
    ('G0077', '2018-03-01', 'D0032'),
    ('G0078', '2018-03-03', 'D0032'),
    ('G0079', '2018-06-17', 'D0033'),
    ('G0080', '2018-06-10', 'D0033'),
    ('G0081', '2018-08-15', 'D0034'),
    ('G0082', '2018-08-11', 'D0034'),
    ('G0083', '2018-12-30', 'D0035'),
    ('G0084', '2019-01-21', 'D0035'),
    ('G0085', '2018-03-12', 'D0036'),
    ('G0086', '2018-02-22', 'D0036'),
    ('G0087', '2018-05-15', 'D0037'),
    ('G0088', '2018-05-18', 'D0037'),
    ('G0089', '2018-05-15', 'D0037'),
    ('G0090', '2018-09-25', 'D0038'),
    ('G0091', '2018-12-17', 'D0039'),
    ('G0092', '2018-02-26', 'D0040'),
    ('G0093', '2018-06-02', 'D0041'),
    ('G0094', '2018-05-24', 'D0041'),
    ('G0095', '2018-08-30', 'D0042'),
    ('G0096', '2018-09-01', 'D0042'),
    ('G0097', '2018-08-26', 'D0042'),
    ('G0098', '2018-11-29', 'D0043'),
    ('G0099', '2018-11-24', 'D0043'),
    ('G0100', '2018-11-13', 'D0043'),
    ('G0101', '2018-11-16', 'D0043'),
    ('G0102', '2018-03-14', 'D0044'),
    ('G0103', '2018-03-07', 'D0044'),
    ('G0104', '2018-06-28', 'D0045'),
    ('G0105', '2018-06-16', 'D0045'),
    ('G0106', '2018-07-03', 'D0045'),
    ('G0107', '2018-06-26', 'D0045'),
    ('G0108', '2018-08-29', 'D0046'),
    ('G0109', '2019-01-17', 'D0047'),
    ('G0110', '2019-01-06', 'D0047'),
    ('G0111', '2019-01-04', 'D0047'),
    ('G0112', '2018-12-27', 'D0047'),
    ('G0113', '2018-10-10', 'D0050'),
    ('G0114', '2018-10-11', 'D0050'),
    ('G0115', '2018-10-06', 'D0050'),
    ('G0116', '2018-09-30', 'D0050'),
    ('G0117', '2019-11-17', 'D0051'),
    ('G0118', '2019-11-29', 'D0051'),
    ('G0119', '2019-12-04', 'D0051'),
    ('G0120', '2019-11-22', 'D0051'),
    ('G0121', '2019-03-07', 'D0052'),
    ('G0122', '2019-06-04', 'D0053'),
    ('G0123', '2019-06-01', 'D0053'),
    ('G0124', '2019-09-08', 'D0054'),
    ('G0125', '2019-12-29', 'D0055'),
    ('G0126', '2019-12-16', 'D0055'),
    ('G0127', '2019-12-19', 'D0055'),
    ('G0128', '2019-12-14', 'D0055'),
    ('G0129', '2019-03-08', 'D0056'),
    ('G0130', '2019-04-01', 'D0056'),
    ('G0131', '2019-03-11', 'D0056'),
    ('G0132', '2019-03-12', 'D0056'),
    ('G0133', '2019-06-24', 'D0057'),
    ('G0134', '2019-06-18', 'D0057'),
    ('G0135', '2019-09-22', 'D0058'),
    ('G0136', '2019-09-23', 'D0058'),
    ('G0137', '2019-12-18', 'D0059'),
    ('G0138', '2019-12-15', 'D0059'),
    ('G0139', '2019-12-12', 'D0059'),
    ('G0140', '2019-12-23', 'D0059'),
    ('G0141', '2019-02-28', 'D0060'),
    ('G0142', '2019-03-12', 'D0060'),
    ('G0143', '2019-03-18', 'D0060'),
    ('G0144', '2019-03-01', 'D0060'),
    ('G0145', '2019-05-16', 'D0061'),
    ('G0146', '2019-05-20', 'D0061'),
    ('G0147', '2019-08-12', 'D0062'),
    ('G0148', '2019-05-28', 'D0065'),
    ('G0149', '2019-12-01', 'D0067'),
    ('G0150', '2019-03-12', 'D0068'),
    ('G0151', '2019-03-16', 'D0068'),
    ('G0152', '2019-03-23', 'D0068'),
    ('G0153', '2019-08-25', 'D0070'),
    ('G0154', '2019-08-12', 'D0070'),
    ('G0155', '2019-08-29', 'D0070'),
    ('G0156', '2019-08-13', 'D0070'),
    ('G0157', '2019-11-14', 'D0071'),
    ('G0158', '2019-11-19', 'D0071'),
    ('G0159', '2019-12-01', 'D0071'),
    ('G0160', '2019-12-06', 'D0071'),
    ('G0161', '2019-06-14', 'D0073'),
    ('G0162', '2019-09-10', 'D0074'),
    ('G0163', '2019-08-14', 'D0074'),
    ('G0164', '2019-08-20', 'D0074'),
    ('G0165', '2019-08-16', 'D0074'),
    ('G0166', '2020-01-10', 'D0075'),
    ('G0167', '2020-01-10', 'D0075'),
    ('G0168', '2019-12-20', 'D0075'),
    ('G0169', '2019-12-22', 'D0075'),
    ('G0170', '2019-03-12', 'D0076'),
    ('G0171', '2019-03-02', 'D0076'),
    ('G0172', '2019-03-12', 'D0076'),
    ('G0173', '2019-12-21', 'D0079'),
    ('G0174', '2019-12-18', 'D0079'),
    ('G0175', '2020-01-09', 'D0079'),
    ('G0176', '2019-12-25', 'D0079'),
    ('G0177', '2019-03-30', 'D0080'),
    ('G0178', '2019-06-16', 'D0081'),
    ('G0179', '2019-06-03', 'D0081'),
    ('G0180', '2019-06-03', 'D0081'),
    ('G0181', '2019-08-24', 'D0082'),
    ('G0182', '2019-11-24', 'D0083'),
    ('G0183', '2019-11-11', 'D0083'),
    ('G0184', '2019-11-24', 'D0083'),
    ('G0185', '2019-03-27', 'D0084'),
    ('G0186', '2019-04-03', 'D0084'),
    ('G0187', '2019-03-23', 'D0084'),
    ('G0188', '2019-03-19', 'D0084'),
    ('G0189', '2019-09-18', 'D0086'),
    ('G0190', '2019-09-13', 'D0086'),
    ('G0191', '2019-10-05', 'D0086'),
    ('G0192', '2019-09-19', 'D0086'),
    ('G0193', '2019-12-05', 'D0087'),
    ('G0194', '2019-11-13', 'D0087'),
    ('G0195', '2019-11-22', 'D0087'),
    ('G0196', '2019-11-07', 'D0087'),
    ('G0197', '2019-03-13', 'D0088'),
    ('G0198', '2019-03-26', 'D0088'),
    ('G0199', '2019-03-28', 'D0088'),
    ('G0200', '2019-10-09', 'D0090'),
    ('G0201', '2019-09-26', 'D0090'),
    ('G0202', '2019-09-30', 'D0090'),
    ('G0203', '2019-12-04', 'D0091'),
    ('G0204', '2019-11-30', 'D0091'),
    ('G0205', '2019-11-21', 'D0091'),
    ('G0206', '2019-12-11', 'D0091'),
    ('G0207', '2019-07-10', 'D0093'),
    ('G0208', '2019-07-04', 'D0093'),
    ('G0209', '2019-07-11', 'D0093'),
    ('G0210', '2019-11-29', 'D0095'),
    ('G0211', '2019-05-23', 'D0097'),
    ('G0212', '2019-05-29', 'D0097'),
    ('G0213', '2019-05-19', 'D0097'),
    ('G0214', '2019-09-30', 'D0098'),
    ('G0215', '2020-01-02', 'D0099'),
    ('G0216', '2019-12-29', 'D0099'),
    ('G0217', '2020-01-02', 'D0099'),
    ('G0218', '2019-12-20', 'D0099'),
    ('G0219', '2020-11-22', 'D0103'),
    ('G0220', '2020-11-22', 'D0103'),
    ('G0221', '2020-12-08', 'D0103'),
    ('G0222', '2020-11-23', 'D0103'),
    ('G0223', '2020-03-02', 'D0104'),
    ('G0224', '2020-02-12', 'D0104'),
    ('G0225', '2020-02-14', 'D0104'),
    ('G0226', '2020-08-20', 'D0106'),
    ('G0227', '2020-08-23', 'D0106'),
    ('G0228', '2020-08-22', 'D0106'),
    ('G0229', '2020-12-30', 'D0107'),
    ('G0230', '2020-12-09', 'D0107'),
    ('G0231', '2020-12-21', 'D0107'),
    ('G0232', '2020-02-21', 'D0108'),
    ('G0233', '2020-05-23', 'D0109'),
    ('G0234', '2020-06-16', 'D0109'),
    ('G0235', '2020-08-13', 'D0110'),
    ('G0236', '2020-12-07', 'D0111'),
    ('G0237', '2020-12-08', 'D0111'),
    ('G0238', '2020-12-19', 'D0111'),
    ('G0239', '2020-02-18', 'D0112'),
    ('G0240', '2020-03-11', 'D0112'),
    ('G0241', '2020-09-06', 'D0114'),
    ('G0242', '2020-09-14', 'D0114'),
    ('G0243', '2020-10-01', 'D0114'),
    ('G0244', '2020-09-24', 'D0114'),
    ('G0245', '2020-03-24', 'D0116'),
    ('G0246', '2020-03-30', 'D0116'),
    ('G0247', '2020-08-26', 'D0118'),
    ('G0248', '2021-01-06', 'D0119'),
    ('G0249', '2021-01-16', 'D0119'),
    ('G0250', '2021-01-10', 'D0119'),
    ('G0251', '2021-01-13', 'D0119'),
    ('G0252', '2020-06-10', 'D0121'),
    ('G0253', '2020-10-19', 'D0122'),
    ('G0254', '2020-10-16', 'D0122'),
    ('G0255', '2020-11-29', 'D0123'),
    ('G0256', '2020-11-09', 'D0123'),
    ('G0257', '2020-11-09', 'D0123'),
    ('G0258', '2020-11-25', 'D0123'),
    ('G0259', '2020-03-25', 'D0124'),
    ('G0260', '2020-03-24', 'D0124'),
    ('G0261', '2020-03-23', 'D0124'),
    ('G0262', '2020-10-01', 'D0126'),
    ('G0263', '2020-11-30', 'D0127'),
    ('G0264', '2020-11-16', 'D0127'),
    ('G0265', '2020-03-28', 'D0128'),
    ('G0266', '2020-03-17', 'D0128'),
    ('G0267', '2020-03-25', 'D0128'),
    ('G0268', '2020-07-05', 'D0129'),
    ('G0269', '2020-07-02', 'D0129'),
    ('G0270', '2020-07-02', 'D0129'),
    ('G0271', '2020-07-12', 'D0129'),
    ('G0272', '2020-08-11', 'D0130'),
    ('G0273', '2020-08-15', 'D0130'),
    ('G0274', '2020-08-13', 'D0130'),
    ('G0275', '2020-08-28', 'D0130'),
    ('G0276', '2020-11-22', 'D0131'),
    ('G0277', '2020-11-24', 'D0131'),
    ('G0278', '2020-03-20', 'D0132'),
    ('G0279', '2020-03-10', 'D0132'),
    ('G0280', '2020-04-03', 'D0132'),
    ('G0281', '2020-03-28', 'D0132'),
    ('G0282', '2020-06-09', 'D0133'),
    ('G0283', '2020-07-02', 'D0133'),
    ('G0284', '2020-09-06', 'D0134'),
    ('G0285', '2020-09-10', 'D0134'),
    ('G0286', '2020-09-07', 'D0134'),
    ('G0287', '2020-03-08', 'D0136'),
    ('G0288', '2020-03-13', 'D0136'),
    ('G0289', '2020-03-02', 'D0136'),
    ('G0290', '2020-03-13', 'D0136'),
    ('G0291', '2020-06-02', 'D0137'),
    ('G0292', '2020-06-20', 'D0137'),
    ('G0293', '2020-11-25', 'D0139'),
    ('G0294', '2020-11-24', 'D0139'),
    ('G0295', '2020-02-13', 'D0140'),
    ('G0296', '2020-07-01', 'D0141'),
    ('G0297', '2020-06-26', 'D0141'),
    ('G0298', '2020-07-09', 'D0141'),
    ('G0299', '2020-09-08', 'D0142'),
    ('G0300', '2020-09-17', 'D0142'),
    ('G0301', '2020-03-05', 'D0144'),
    ('G0302', '2020-03-03', 'D0144'),
    ('G0303', '2020-05-31', 'D0145'),
    ('G0304', '2020-05-20', 'D0145'),
    ('G0305', '2020-05-11', 'D0145'),
    ('G0306', '2020-10-10', 'D0146'),
    ('G0307', '2020-11-13', 'D0147'),
    ('G0308', '2020-11-06', 'D0147'),
    ('G0309', '2020-12-02', 'D0147'),
    ('G0310', '2020-11-13', 'D0147');
CREATE TABLE "CTDGH" (
        "MADGH" VARCHAR(4) NOT NULL,
        "MAHG" VARCHAR(4) NOT NULL,
        "SLGH" INTEGER NOT NULL,
        FOREIGN KEY("MADGH") REFERENCES "DOTGIAO"("MADGH"),
        FOREIGN KEY("MAHG") REFERENCES "HANG"("MAHG"),
        PRIMARY KEY("MADGH", "MAHG")
    );
INSERT INTO
    CTDGH (MADGH, MAHG, SLGH)
VALUES
    ('G0001', 'H0072', '15'),
    ('G0001', 'H0062', '3'),
    ('G0001', 'H0018', '3'),
    ('G0002', 'H0009', '12'),
    ('G0002', 'H0046', '15'),
    ('G0002', 'H0018', '2'),
    ('G0002', 'H0035', '17'),
    ('G0002', 'H0064', '2'),
    ('G0003', 'H0032', '9'),
    ('G0003', 'H0016', '6'),
    ('G0004', 'H0016', '2'),
    ('G0004', 'H0073', '10'),
    ('G0004', 'H0032', '1'),
    ('G0005', 'H0016', '3'),
    ('G0006', 'H0032', '1'),
    ('G0006', 'H0073', '2'),
    ('G0006', 'H0016', '2'),
    ('G0006', 'H0021', '8'),
    ('G0007', 'H0003', '17'),
    ('G0007', 'H0067', '3'),
    ('G0007', 'H0023', '3'),
    ('G0008', 'H0003', '1'),
    ('G0008', 'H0023', '1'),
    ('G0008', 'H0067', '2'),
    ('G0009', 'H0067', '5'),
    ('G0010', 'H0067', '2'),
    ('G0010', 'H0035', '10'),
    ('G0011', 'H0061', '7'),
    ('G0011', 'H0047', '12'),
    ('G0011', 'H0019', '5'),
    ('G0012', 'H0019', '1'),
    ('G0012', 'H0061', '10'),
    ('G0012', 'H0047', '4'),
    ('G0013', 'H0047', '3'),
    ('G0013', 'H0019', '1'),
    ('G0013', 'H0061', '1'),
    ('G0013', 'H0002', '5'),
    ('G0014', 'H0064', '3'),
    ('G0014', 'H0028', '2'),
    ('G0014', 'H0001', '3'),
    ('G0014', 'H0014', '10'),
    ('G0015', 'H0001', '1'),
    ('G0015', 'H0014', '7'),
    ('G0016', 'H0014', '1'),
    ('G0017', 'H0064', '6'),
    ('G0017', 'H0014', '1'),
    ('G0017', 'H0028', '5'),
    ('G0017', 'H0063', '3'),
    ('G0018', 'H0065', '4'),
    ('G0019', 'H0065', '1'),
    ('G0019', 'H0012', '9'),
    ('G0020', 'H0065', '1'),
    ('G0020', 'H0031', '2'),
    ('G0020', 'H0012', '5'),
    ('G0020', 'H0011', '14'),
    ('G0020', 'H0041', '15'),
    ('G0021', 'H0074', '7'),
    ('G0021', 'H0045', '3'),
    ('G0022', 'H0063', '5'),
    ('G0022', 'H0045', '1'),
    ('G0023', 'H0063', '4'),
    ('G0023', 'H0074', '1'),
    ('G0023', 'H0017', '7'),
    ('G0024', 'H0017', '7'),
    ('G0024', 'H0063', '1'),
    ('G0024', 'H0041', '1'),
    ('G0025', 'H0045', '5'),
    ('G0026', 'H0045', '5'),
    ('G0026', 'H0021', '1'),
    ('G0027', 'H0045', '6'),
    ('G0027', 'H0021', '1'),
    ('G0027', 'H0023', '2'),
    ('G0028', 'H0064', '1'),
    ('G0031', 'H0043', '15'),
    ('G0031', 'H0042', '18'),
    ('G0031', 'H0016', '12'),
    ('G0031', 'H0006', '12'),
    ('G0032', 'H0070', '1'),
    ('G0032', 'H0047', '8'),
    ('G0033', 'H0047', '1'),
    ('G0034', 'H0047', '5'),
    ('G0034', 'H0070', '6'),
    ('G0034', 'H0063', '14'),
    ('G0035', 'H0011', '3'),
    ('G0035', 'H0053', '5'),
    ('G0035', 'H0027', '4'),
    ('G0036', 'H0053', '1'),
    ('G0036', 'H0011', '5'),
    ('G0036', 'H0027', '1'),
    ('G0037', 'H0027', '1'),
    ('G0037', 'H0011', '1'),
    ('G0038', 'H0011', '6'),
    ('G0038', 'H0003', '15'),
    ('G0039', 'H0003', '2'),
    ('G0040', 'H0003', '8'),
    ('G0041', 'H0022', '3'),
    ('G0042', 'H0003', '2'),
    ('G0042', 'H0022', '13'),
    ('G0042', 'H0014', '16'),
    ('G0043', 'H0058', '5'),
    ('G0043', 'H0069', '3'),
    ('G0043', 'H0056', '2'),
    ('G0043', 'H0003', '4'),
    ('G0043', 'H0038', '8'),
    ('G0044', 'H0056', '3'),
    ('G0045', 'H0038', '4'),
    ('G0045', 'H0056', '4'),
    ('G0045', 'H0003', '12'),
    ('G0045', 'H0058', '3'),
    ('G0045', 'H0069', '3'),
    ('G0045', 'H0073', '5'),
    ('G0046', 'H0042', '9'),
    ('G0046', 'H0061', '11'),
    ('G0047', 'H0042', '3'),
    ('G0047', 'H0045', '14'),
    ('G0047', 'H0061', '1'),
    ('G0047', 'H0008', '4'),
    ('G0048', 'H0045', '2'),
    ('G0048', 'H0042', '2'),
    ('G0048', 'H0008', '9'),
    ('G0048', 'H0061', '4'),
    ('G0048', 'H0034', '11'),
    ('G0049', 'H0024', '3'),
    ('G0049', 'H0058', '4'),
    ('G0050', 'H0024', '1'),
    ('G0050', 'H0026', '2'),
    ('G0050', 'H0050', '1'),
    ('G0051', 'H0026', '3'),
    ('G0052', 'H0050', '11'),
    ('G0052', 'H0058', '2'),
    ('G0052', 'H0026', '4'),
    ('G0052', 'H0017', '19'),
    ('G0053', 'H0010', '1'),
    ('G0053', 'H0008', '1'),
    ('G0054', 'H0008', '1'),
    ('G0054', 'H0010', '7'),
    ('G0055', 'H0008', '1'),
    ('G0055', 'H0010', '4'),
    ('G0055', 'H0038', '13'),
    ('G0055', 'H0065', '1'),
    ('G0056', 'H0006', '8'),
    ('G0056', 'H0057', '16'),
    ('G0057', 'H0006', '3'),
    ('G0057', 'H0057', '2'),
    ('G0057', 'H0055', '2'),
    ('G0058', 'H0051', '5'),
    ('G0058', 'H0066', '9'),
    ('G0059', 'H0051', '3'),
    ('G0059', 'H0066', '7'),
    ('G0059', 'H0019', '6'),
    ('G0060', 'H0066', '7'),
    ('G0061', 'H0047', '7'),
    ('G0061', 'H0066', '1'),
    ('G0061', 'H0021', '2'),
    ('G0061', 'H0024', '10'),
    ('G0062', 'H0066', '1'),
    ('G0062', 'H0021', '2'),
    ('G0062', 'H0047', '1'),
    ('G0062', 'H0024', '4'),
    ('G0063', 'H0047', '1'),
    ('G0063', 'H0021', '1'),
    ('G0063', 'H0066', '1'),
    ('G0063', 'H0024', '2'),
    ('G0063', 'H0072', '5'),
    ('G0064', 'H0017', '10'),
    ('G0064', 'H0037', '8'),
    ('G0064', 'H0040', '7'),
    ('G0064', 'H0026', '18'),
    ('G0065', 'H0066', '4'),
    ('G0065', 'H0043', '9'),
    ('G0066', 'H0066', '13'),
    ('G0066', 'H0043', '5'),
    ('G0067', 'H0066', '2'),
    ('G0067', 'H0043', '3'),
    ('G0067', 'H0056', '2'),
    ('G0068', 'H0056', '4'),
    ('G0068', 'H0073', '2'),
    ('G0069', 'H0056', '2'),
    ('G0069', 'H0001', '1'),
    ('G0069', 'H0073', '3'),
    ('G0070', 'H0073', '1'),
    ('G0070', 'H0036', '7'),
    ('G0070', 'H0056', '1'),
    ('G0071', 'H0036', '12'),
    ('G0071', 'H0073', '7'),
    ('G0071', 'H0056', '2'),
    ('G0071', 'H0024', '3'),
    ('G0072', 'H0035', '4'),
    ('G0072', 'H0045', '1'),
    ('G0072', 'H0021', '4'),
    ('G0073', 'H0021', '10'),
    ('G0073', 'H0045', '1'),
    ('G0073', 'H0035', '2'),
    ('G0073', 'H0061', '8'),
    ('G0074', 'H0019', '1'),
    ('G0074', 'H0034', '11'),
    ('G0075', 'H0010', '5'),
    ('G0075', 'H0034', '1'),
    ('G0075', 'H0019', '1'),
    ('G0076', 'H0034', '4'),
    ('G0076', 'H0019', '1'),
    ('G0076', 'H0010', '12'),
    ('G0076', 'H0072', '18'),
    ('G0077', 'H0004', '8'),
    ('G0077', 'H0033', '3'),
    ('G0077', 'H0040', '7'),
    ('G0078', 'H0040', '3'),
    ('G0078', 'H0059', '13'),
    ('G0078', 'H0004', '1'),
    ('G0078', 'H0033', '4'),
    ('G0078', 'H0070', '10'),
    ('G0079', 'H0063', '1'),
    ('G0079', 'H0008', '9'),
    ('G0080', 'H0063', '1'),
    ('G0080', 'H0008', '5'),
    ('G0080', 'H0046', '10'),
    ('G0081', 'H0052', '1'),
    ('G0081', 'H0033', '1'),
    ('G0081', 'H0042', '1'),
    ('G0082', 'H0033', '17'),
    ('G0082', 'H0004', '14'),
    ('G0083', 'H0040', '8'),
    ('G0083', 'H0051', '16'),
    ('G0084', 'H0040', '7'),
    ('G0084', 'H0051', '2'),
    ('G0084', 'H0005', '18'),
    ('G0085', 'H0037', '8'),
    ('G0085', 'H0022', '9'),
    ('G0085', 'H0032', '15'),
    ('G0086', 'H0032', '3'),
    ('G0086', 'H0022', '1'),
    ('G0086', 'H0027', '4'),
    ('G0086', 'H0007', '4'),
    ('G0086', 'H0037', '1'),
    ('G0086', 'H0042', '1'),
    ('G0087', 'H0015', '1'),
    ('G0088', 'H0065', '1'),
    ('G0088', 'H0015', '1'),
    ('G0088', 'H0035', '5'),
    ('G0088', 'H0040', '8'),
    ('G0089', 'H0035', '7'),
    ('G0089', 'H0040', '5'),
    ('G0089', 'H0065', '6'),
    ('G0089', 'H0058', '8'),
    ('G0090', 'H0008', '17'),
    ('G0090', 'H0018', '14'),
    ('G0090', 'H0034', '8'),
    ('G0091', 'H0043', '18'),
    ('G0091', 'H0059', '17'),
    ('G0091', 'H0013', '7'),
    ('G0092', 'H0014', '19'),
    ('G0092', 'H0008', '13'),
    ('G0092', 'H0032', '9'),
    ('G0092', 'H0022', '16'),
    ('G0093', 'H0047', '7'),
    ('G0093', 'H0013', '1'),
    ('G0094', 'H0043', '17'),
    ('G0094', 'H0013', '13'),
    ('G0094', 'H0047', '9'),
    ('G0094', 'H0066', '4'),
    ('G0094', 'H0022', '15'),
    ('G0095', 'H0039', '12'),
    ('G0095', 'H0074', '5'),
    ('G0096', 'H0074', '2'),
    ('G0096', 'H0039', '4'),
    ('G0096', 'H0029', '3'),
    ('G0097', 'H0039', '3'),
    ('G0097', 'H0074', '10'),
    ('G0097', 'H0029', '14'),
    ('G0097', 'H0045', '2'),
    ('G0098', 'H0069', '10'),
    ('G0099', 'H0029', '3'),
    ('G0100', 'H0045', '14'),
    ('G0100', 'H0029', '10'),
    ('G0101', 'H0029', '1'),
    ('G0101', 'H0045', '5'),
    ('G0101', 'H0069', '8'),
    ('G0101', 'H0040', '19'),
    ('G0102', 'H0040', '1'),
    ('G0102', 'H0037', '11'),
    ('G0102', 'H0044', '3'),
    ('G0103', 'H0073', '1'),
    ('G0103', 'H0037', '3'),
    ('G0103', 'H0040', '5'),
    ('G0103', 'H0044', '3'),
    ('G0103', 'H0052', '1'),
    ('G0103', 'H0017', '11'),
    ('G0104', 'H0003', '14'),
    ('G0105', 'H0068', '3'),
    ('G0105', 'H0043', '2'),
    ('G0105', 'H0003', '3'),
    ('G0105', 'H0012', '1'),
    ('G0106', 'H0012', '1'),
    ('G0107', 'H0003', '1'),
    ('G0107', 'H0068', '9'),
    ('G0107', 'H0012', '1'),
    ('G0107', 'H0043', '12'),
    ('G0107', 'H0034', '8'),
    ('G0108', 'H0061', '7'),
    ('G0108', 'H0002', '13'),
    ('G0108', 'H0074', '9'),
    ('G0109', 'H0014', '15'),
    ('G0109', 'H0068', '16'),
    ('G0109', 'H0052', '3'),
    ('G0110', 'H0052', '7'),
    ('G0110', 'H0068', '1'),
    ('G0110', 'H0014', '3'),
    ('G0111', 'H0052', '1'),
    ('G0111', 'H0014', '1'),
    ('G0112', 'H0068', '2'),
    ('G0112', 'H0063', '18'),
    ('G0113', 'H0055', '1'),
    ('G0114', 'H0053', '8'),
    ('G0114', 'H0010', '13'),
    ('G0114', 'H0055', '6'),
    ('G0115', 'H0053', '1'),
    ('G0115', 'H0045', '3'),
    ('G0115', 'H0074', '12'),
    ('G0115', 'H0055', '1'),
    ('G0116', 'H0010', '6'),
    ('G0116', 'H0053', '4'),
    ('G0116', 'H0045', '12'),
    ('G0116', 'H0074', '3'),
    ('G0116', 'H0050', '12'),
    ('G0117', 'H0014', '9'),
    ('G0117', 'H0045', '4'),
    ('G0118', 'H0014', '6'),
    ('G0119', 'H0045', '7'),
    ('G0119', 'H0014', '2'),
    ('G0119', 'H0020', '11'),
    ('G0120', 'H0045', '8'),
    ('G0120', 'H0014', '2'),
    ('G0120', 'H0020', '4'),
    ('G0120', 'H0005', '8'),
    ('G0121', 'H0060', '14'),
    ('G0121', 'H0027', '13'),
    ('G0121', 'H0059', '8'),
    ('G0121', 'H0010', '11'),
    ('G0121', 'H0045', '19'),
    ('G0121', 'H0069', '4'),
    ('G0122', 'H0030', '1'),
    ('G0123', 'H0070', '19'),
    ('G0123', 'H0022', '2'),
    ('G0123', 'H0053', '8'),
    ('G0123', 'H0057', '7'),
    ('G0124', 'H0044', '7'),
    ('G0124', 'H0039', '17'),
    ('G0124', 'H0028', '6'),
    ('G0125', 'H0059', '1'),
    ('G0126', 'H0039', '5'),
    ('G0126', 'H0014', '2'),
    ('G0126', 'H0065', '12'),
    ('G0126', 'H0047', '1'),
    ('G0127', 'H0059', '5'),
    ('G0127', 'H0039', '6'),
    ('G0127', 'H0047', '2'),
    ('G0127', 'H0014', '1'),
    ('G0128', 'H0039', '7'),
    ('G0128', 'H0059', '9'),
    ('G0128', 'H0047', '1'),
    ('G0128', 'H0065', '2'),
    ('G0128', 'H0029', '11'),
    ('G0129', 'H0049', '3'),
    ('G0130', 'H0052', '1'),
    ('G0130', 'H0028', '5'),
    ('G0131', 'H0028', '1'),
    ('G0131', 'H0058', '11'),
    ('G0131', 'H0049', '1'),
    ('G0131', 'H0052', '3'),
    ('G0132', 'H0058', '1'),
    ('G0132', 'H0028', '4'),
    ('G0132', 'H0025', '14'),
    ('G0132', 'H0049', '2'),
    ('G0132', 'H0052', '3'),
    ('G0132', 'H0072', '17'),
    ('G0133', 'H0063', '4'),
    ('G0133', 'H0030', '1'),
    ('G0134', 'H0002', '10'),
    ('G0134', 'H0032', '17'),
    ('G0134', 'H0063', '1'),
    ('G0134', 'H0070', '2'),
    ('G0134', 'H0045', '12'),
    ('G0135', 'H0044', '2'),
    ('G0135', 'H0062', '15'),
    ('G0136', 'H0062', '4'),
    ('G0136', 'H0044', '1'),
    ('G0136', 'H0039', '16'),
    ('G0136', 'H0009', '10'),
    ('G0136', 'H0002', '17'),
    ('G0137', 'H0063', '2'),
    ('G0138', 'H0028', '6'),
    ('G0138', 'H0050', '14'),
    ('G0138', 'H0063', '3'),
    ('G0138', 'H0037', '11'),
    ('G0139', 'H0037', '2'),
    ('G0139', 'H0063', '1'),
    ('G0139', 'H0049', '11'),
    ('G0139', 'H0050', '1'),
    ('G0140', 'H0028', '3'),
    ('G0140', 'H0037', '1'),
    ('G0140', 'H0063', '3'),
    ('G0140', 'H0049', '1'),
    ('G0140', 'H0039', '18'),
    ('G0141', 'H0024', '3'),
    ('G0141', 'H0035', '3'),
    ('G0142', 'H0024', '11'),
    ('G0143', 'H0039', '2'),
    ('G0143', 'H0035', '1'),
    ('G0143', 'H0024', '2'),
    ('G0144', 'H0024', '1'),
    ('G0144', 'H0039', '2'),
    ('G0144', 'H0010', '17'),
    ('G0145', 'H0072', '5'),
    ('G0145', 'H0027', '1'),
    ('G0145', 'H0064', '7'),
    ('G0145', 'H0022', '1'),
    ('G0146', 'H0064', '9'),
    ('G0146', 'H0027', '3'),
    ('G0146', 'H0072', '11'),
    ('G0146', 'H0002', '13'),
    ('G0147', 'H0041', '4'),
    ('G0147', 'H0060', '6'),
    ('G0147', 'H0071', '2'),
    ('G0147', 'H0027', '17'),
    ('G0148', 'H0040', '16'),
    ('G0148', 'H0072', '15'),
    ('G0148', 'H0059', '16'),
    ('G0149', 'H0003', '9'),
    ('G0149', 'H0049', '10'),
    ('G0149', 'H0056', '18'),
    ('G0149', 'H0026', '11'),
    ('G0150', 'H0009', '5'),
    ('G0150', 'H0070', '3'),
    ('G0150', 'H0053', '1'),
    ('G0151', 'H0053', '1'),
    ('G0152', 'H0070', '5'),
    ('G0152', 'H0009', '12'),
    ('G0152', 'H0004', '5'),
    ('G0153', 'H0040', '12'),
    ('G0153', 'H0055', '6'),
    ('G0153', 'H0034', '5'),
    ('G0153', 'H0059', '5'),
    ('G0154', 'H0055', '1'),
    ('G0154', 'H0059', '4'),
    ('G0154', 'H0034', '9'),
    ('G0155', 'H0059', '1'),
    ('G0156', 'H0040', '1'),
    ('G0156', 'H0034', '3'),
    ('G0156', 'H0058', '14'),
    ('G0157', 'H0041', '9'),
    ('G0157', 'H0066', '5'),
    ('G0158', 'H0066', '1'),
    ('G0158', 'H0022', '2'),
    ('G0159', 'H0022', '1'),
    ('G0159', 'H0041', '2'),
    ('G0160', 'H0041', '4'),
    ('G0160', 'H0022', '1'),
    ('G0160', 'H0066', '1'),
    ('G0160', 'H0012', '9'),
    ('G0161', 'H0068', '3'),
    ('G0161', 'H0033', '8'),
    ('G0161', 'H0062', '14'),
    ('G0162', 'H0059', '10'),
    ('G0163', 'H0072', '3'),
    ('G0164', 'H0059', '1'),
    ('G0164', 'H0072', '4'),
    ('G0165', 'H0072', '10'),
    ('G0165', 'H0013', '13'),
    ('G0166', 'H0062', '1'),
    ('G0166', 'H0037', '2'),
    ('G0166', 'H0005', '11'),
    ('G0167', 'H0036', '1'),
    ('G0167', 'H0056', '7'),
    ('G0168', 'H0037', '7'),
    ('G0168', 'H0056', '1'),
    ('G0168', 'H0005', '7'),
    ('G0169', 'H0062', '3'),
    ('G0169', 'H0056', '8'),
    ('G0169', 'H0037', '2'),
    ('G0169', 'H0005', '1'),
    ('G0169', 'H0036', '1'),
    ('G0169', 'H0030', '16'),
    ('G0170', 'H0047', '1'),
    ('G0170', 'H0053', '3'),
    ('G0171', 'H0053', '1'),
    ('G0172', 'H0047', '1'),
    ('G0172', 'H0053', '1'),
    ('G0172', 'H0014', '7'),
    ('G0173', 'H0047', '2'),
    ('G0174', 'H0010', '6'),
    ('G0175', 'H0047', '1'),
    ('G0175', 'H0010', '6'),
    ('G0176', 'H0047', '6'),
    ('G0176', 'H0010', '1'),
    ('G0176', 'H0054', '19'),
    ('G0177', 'H0021', '18'),
    ('G0177', 'H0042', '9'),
    ('G0177', 'H0037', '7'),
    ('G0178', 'H0061', '9'),
    ('G0179', 'H0032', '3'),
    ('G0179', 'H0064', '2'),
    ('G0180', 'H0032', '3'),
    ('G0180', 'H0064', '8'),
    ('G0180', 'H0070', '13'),
    ('G0180', 'H0061', '3'),
    ('G0180', 'H0033', '10'),
    ('G0181', 'H0030', '2'),
    ('G0181', 'H0027', '6'),
    ('G0181', 'H0047', '18'),
    ('G0182', 'H0039', '1'),
    ('G0182', 'H0030', '14'),
    ('G0182', 'H0019', '12'),
    ('G0183', 'H0030', '1'),
    ('G0183', 'H0039', '1'),
    ('G0183', 'H0019', '1'),
    ('G0184', 'H0030', '1'),
    ('G0184', 'H0019', '1'),
    ('G0184', 'H0023', '10'),
    ('G0185', 'H0041', '15'),
    ('G0185', 'H0029', '2'),
    ('G0185', 'H0064', '3'),
    ('G0185', 'H0009', '1'),
    ('G0185', 'H0015', '12'),
    ('G0186', 'H0015', '1'),
    ('G0186', 'H0064', '2'),
    ('G0187', 'H0064', '1'),
    ('G0188', 'H0029', '8'),
    ('G0188', 'H0015', '4'),
    ('G0188', 'H0041', '1'),
    ('G0188', 'H0006', '15'),
    ('G0189', 'H0074', '8'),
    ('G0189', 'H0048', '5'),
    ('G0189', 'H0051', '1'),
    ('G0189', 'H0063', '10'),
    ('G0190', 'H0048', '3'),
    ('G0190', 'H0074', '7'),
    ('G0190', 'H0063', '2'),
    ('G0190', 'H0051', '1'),
    ('G0191', 'H0048', '1'),
    ('G0191', 'H0051', '1'),
    ('G0191', 'H0074', '1'),
    ('G0191', 'H0063', '1'),
    ('G0192', 'H0048', '1'),
    ('G0192', 'H0051', '2'),
    ('G0192', 'H0063', '1'),
    ('G0192', 'H0074', '1'),
    ('G0192', 'H0015', '6'),
    ('G0193', 'H0002', '3'),
    ('G0193', 'H0043', '3'),
    ('G0193', 'H0070', '4'),
    ('G0194', 'H0002', '1'),
    ('G0194', 'H0043', '1'),
    ('G0195', 'H0002', '1'),
    ('G0195', 'H0070', '3'),
    ('G0196', 'H0070', '3'),
    ('G0196', 'H0069', '9'),
    ('G0197', 'H0045', '10'),
    ('G0197', 'H0030', '4'),
    ('G0197', 'H0043', '3'),
    ('G0197', 'H0029', '10'),
    ('G0198', 'H0043', '2'),
    ('G0198', 'H0029', '1'),
    ('G0198', 'H0020', '10'),
    ('G0198', 'H0030', '1'),
    ('G0198', 'H0045', '1'),
    ('G0199', 'H0043', '1'),
    ('G0199', 'H0020', '7'),
    ('G0199', 'H0029', '1'),
    ('G0199', 'H0048', '16'),
    ('G0200', 'H0024', '1'),
    ('G0200', 'H0063', '1'),
    ('G0200', 'H0041', '11'),
    ('G0201', 'H0041', '1'),
    ('G0202', 'H0024', '1'),
    ('G0202', 'H0041', '2'),
    ('G0202', 'H0007', '1'),
    ('G0203', 'H0072', '2'),
    ('G0204', 'H0072', '3'),
    ('G0204', 'H0074', '12'),
    ('G0205', 'H0072', '3'),
    ('G0205', 'H0074', '1'),
    ('G0206', 'H0072', '11'),
    ('G0206', 'H0057', '12'),
    ('G0207', 'H0020', '10'),
    ('G0207', 'H0067', '3'),
    ('G0207', 'H0063', '1'),
    ('G0207', 'H0051', '3'),
    ('G0207', 'H0018', '1'),
    ('G0208', 'H0018', '1'),
    ('G0208', 'H0063', '1'),
    ('G0208', 'H0051', '1'),
    ('G0208', 'H0067', '1'),
    ('G0208', 'H0020', '5'),
    ('G0209', 'H0020', '2'),
    ('G0209', 'H0051', '2'),
    ('G0209', 'H0067', '7'),
    ('G0209', 'H0066', '10'),
    ('G0210', 'H0066', '3'),
    ('G0210', 'H0034', '15'),
    ('G0210', 'H0003', '14'),
    ('G0210', 'H0017', '11'),
    ('G0210', 'H0064', '7'),
    ('G0211', 'H0066', '4'),
    ('G0211', 'H0015', '3'),
    ('G0212', 'H0006', '1'),
    ('G0212', 'H0024', '8'),
    ('G0212', 'H0054', '3'),
    ('G0212', 'H0015', '1'),
    ('G0213', 'H0024', '5'),
    ('G0213', 'H0066', '1'),
    ('G0213', 'H0006', '1'),
    ('G0213', 'H0054', '1'),
    ('G0213', 'H0067', '5'),
    ('G0214', 'H0035', '16'),
    ('G0214', 'H0049', '10'),
    ('G0214', 'H0025', '2'),
    ('G0214', 'H0024', '14'),
    ('G0215', 'H0073', '2'),
    ('G0216', 'H0021', '1'),
    ('G0216', 'H0073', '1'),
    ('G0218', 'H0067', '17'),
    ('G0219', 'H0069', '13'),
    ('G0219', 'H0039', '7'),
    ('G0219', 'H0051', '1'),
    ('G0220', 'H0051', '1'),
    ('G0220', 'H0069', '2'),
    ('G0221', 'H0039', '1'),
    ('G0222', 'H0069', '4'),
    ('G0222', 'H0008', '2'),
    ('G0222', 'H0039', '6'),
    ('G0222', 'H0050', '14'),
    ('G0223', 'H0029', '7'),
    ('G0224', 'H0029', '1'),
    ('G0225', 'H0050', '1'),
    ('G0225', 'H0002', '15'),
    ('G0226', 'H0056', '6'),
    ('G0226', 'H0023', '8'),
    ('G0226', 'H0035', '5'),
    ('G0227', 'H0035', '3'),
    ('G0227', 'H0043', '15'),
    ('G0227', 'H0023', '1'),
    ('G0227', 'H0007', '15'),
    ('G0228', 'H0035', '2'),
    ('G0228', 'H0023', '6'),
    ('G0228', 'H0043', '1'),
    ('G0228', 'H0056', '12'),
    ('G0228', 'H0007', '3'),
    ('G0228', 'H0053', '7'),
    ('G0229', 'H0054', '6'),
    ('G0229', 'H0029', '3'),
    ('G0229', 'H0032', '4'),
    ('G0229', 'H0031', '8'),
    ('G0230', 'H0032', '1'),
    ('G0231', 'H0029', '6'),
    ('G0231', 'H0031', '8'),
    ('G0231', 'H0040', '18'),
    ('G0231', 'H0032', '10'),
    ('G0231', 'H0054', '1'),
    ('G0231', 'H0008', '4'),
    ('G0232', 'H0017', '3'),
    ('G0232', 'H0020', '1'),
    ('G0232', 'H0009', '4'),
    ('G0233', 'H0023', '4'),
    ('G0234', 'H0023', '13'),
    ('G0234', 'H0011', '1'),
    ('G0234', 'H0074', '19'),
    ('G0234', 'H0005', '3'),
    ('G0235', 'H0059', '1'),
    ('G0235', 'H0038', '13'),
    ('G0235', 'H0033', '13'),
    ('G0236', 'H0065', '3'),
    ('G0236', 'H0069', '7'),
    ('G0236', 'H0018', '3'),
    ('G0236', 'H0045', '4'),
    ('G0236', 'H0044', '3'),
    ('G0237', 'H0065', '3'),
    ('G0238', 'H0045', '8'),
    ('G0238', 'H0065', '5'),
    ('G0238', 'H0044', '1'),
    ('G0238', 'H0069', '9'),
    ('G0238', 'H0018', '10'),
    ('G0238', 'H0031', '13'),
    ('G0239', 'H0005', '3'),
    ('G0240', 'H0061', '1'),
    ('G0240', 'H0039', '13'),
    ('G0240', 'H0005', '2'),
    ('G0240', 'H0056', '7'),
    ('G0241', 'H0013', '1'),
    ('G0241', 'H0065', '5'),
    ('G0242', 'H0019', '3'),
    ('G0242', 'H0065', '4'),
    ('G0242', 'H0040', '8'),
    ('G0243', 'H0065', '1'),
    ('G0244', 'H0040', '10'),
    ('G0244', 'H0019', '8'),
    ('G0244', 'H0065', '6'),
    ('G0244', 'H0044', '2'),
    ('G0245', 'H0054', '1'),
    ('G0246', 'H0051', '18'),
    ('G0246', 'H0054', '2'),
    ('G0246', 'H0021', '2'),
    ('G0246', 'H0053', '16'),
    ('G0246', 'H0047', '15'),
    ('G0247', 'H0053', '13'),
    ('G0247', 'H0024', '15'),
    ('G0247', 'H0020', '19'),
    ('G0247', 'H0030', '1'),
    ('G0247', 'H0054', '16'),
    ('G0248', 'H0018', '4'),
    ('G0249', 'H0040', '2'),
    ('G0249', 'H0018', '3'),
    ('G0250', 'H0040', '1'),
    ('G0251', 'H0040', '15'),
    ('G0251', 'H0018', '1'),
    ('G0251', 'H0060', '5'),
    ('G0252', 'H0058', '8'),
    ('G0252', 'H0054', '15'),
    ('G0252', 'H0029', '16'),
    ('G0253', 'H0029', '2'),
    ('G0253', 'H0065', '1'),
    ('G0253', 'H0016', '17'),
    ('G0254', 'H0029', '2'),
    ('G0254', 'H0065', '1'),
    ('G0254', 'H0016', '1'),
    ('G0254', 'H0059', '3'),
    ('G0255', 'H0069', '1'),
    ('G0255', 'H0022', '5'),
    ('G0255', 'H0021', '3'),
    ('G0255', 'H0003', '4'),
    ('G0256', 'H0003', '13'),
    ('G0256', 'H0069', '1'),
    ('G0258', 'H0021', '9'),
    ('G0258', 'H0022', '14'),
    ('G0258', 'H0003', '2'),
    ('G0258', 'H0062', '18'),
    ('G0258', 'H0020', '1'),
    ('G0259', 'H0015', '1'),
    ('G0260', 'H0063', '4'),
    ('G0261', 'H0048', '7'),
    ('G0261', 'H0063', '6'),
    ('G0261', 'H0003', '9'),
    ('G0262', 'H0022', '4'),
    ('G0262', 'H0017', '14'),
    ('G0262', 'H0033', '13'),
    ('G0262', 'H0074', '4'),
    ('G0262', 'H0006', '12'),
    ('G0263', 'H0070', '6'),
    ('G0263', 'H0030', '7'),
    ('G0263', 'H0064', '8'),
    ('G0264', 'H0070', '1'),
    ('G0264', 'H0030', '1'),
    ('G0264', 'H0064', '3'),
    ('G0264', 'H0050', '18'),
    ('G0265', 'H0074', '1'),
    ('G0265', 'H0007', '5'),
    ('G0266', 'H0007', '3'),
    ('G0266', 'H0074', '1'),
    ('G0266', 'H0025', '2'),
    ('G0267', 'H0025', '2'),
    ('G0267', 'H0074', '5'),
    ('G0267', 'H0007', '2'),
    ('G0267', 'H0015', '16'),
    ('G0268', 'H0005', '1'),
    ('G0268', 'H0012', '8'),
    ('G0269', 'H0038', '4'),
    ('G0269', 'H0012', '3'),
    ('G0270', 'H0005', '2'),
    ('G0271', 'H0005', '4'),
    ('G0271', 'H0012', '1'),
    ('G0271', 'H0038', '4'),
    ('G0271', 'H0037', '9'),
    ('G0272', 'H0065', '9'),
    ('G0273', 'H0065', '5'),
    ('G0273', 'H0060', '2'),
    ('G0274', 'H0060', '1'),
    ('G0275', 'H0060', '1'),
    ('G0275', 'H0065', '1'),
    ('G0275', 'H0057', '13'),
    ('G0276', 'H0065', '9'),
    ('G0276', 'H0053', '5'),
    ('G0277', 'H0008', '14'),
    ('G0277', 'H0070', '18'),
    ('G0277', 'H0065', '4'),
    ('G0277', 'H0053', '7'),
    ('G0277', 'H0052', '4'),
    ('G0278', 'H0038', '12'),
    ('G0279', 'H0038', '2'),
    ('G0280', 'H0058', '3'),
    ('G0281', 'H0058', '12'),
    ('G0281', 'H0038', '2'),
    ('G0281', 'H0039', '14'),
    ('G0282', 'H0026', '1'),
    ('G0282', 'H0059', '1'),
    ('G0283', 'H0013', '18'),
    ('G0283', 'H0042', '12'),
    ('G0283', 'H0049', '19'),
    ('G0283', 'H0032', '16'),
    ('G0284', 'H0009', '7'),
    ('G0285', 'H0024', '1'),
    ('G0286', 'H0030', '14'),
    ('G0286', 'H0009', '12'),
    ('G0286', 'H0045', '17'),
    ('G0286', 'H0024', '1'),
    ('G0286', 'H0051', '16'),
    ('G0287', 'H0025', '5'),
    ('G0287', 'H0026', '12'),
    ('G0287', 'H0009', '8'),
    ('G0288', 'H0025', '3'),
    ('G0288', 'H0009', '7'),
    ('G0288', 'H0026', '5'),
    ('G0289', 'H0025', '3'),
    ('G0289', 'H0009', '1'),
    ('G0289', 'H0026', '1'),
    ('G0290', 'H0025', '3'),
    ('G0290', 'H0022', '17'),
    ('G0291', 'H0031', '1'),
    ('G0291', 'H0024', '14'),
    ('G0291', 'H0049', '6'),
    ('G0291', 'H0026', '7'),
    ('G0292', 'H0026', '6'),
    ('G0292', 'H0024', '2'),
    ('G0292', 'H0049', '10'),
    ('G0292', 'H0008', '9'),
    ('G0293', 'H0025', '5'),
    ('G0293', 'H0072', '5'),
    ('G0293', 'H0021', '1'),
    ('G0294', 'H0068', '1'),
    ('G0294', 'H0072', '10'),
    ('G0294', 'H0051', '1'),
    ('G0294', 'H0025', '1'),
    ('G0294', 'H0021', '2'),
    ('G0294', 'H0020', '19'),
    ('G0295', 'H0025', '2'),
    ('G0295', 'H0045', '6'),
    ('G0295', 'H0055', '15'),
    ('G0296', 'H0074', '4'),
    ('G0296', 'H0022', '1'),
    ('G0296', 'H0065', '5'),
    ('G0297', 'H0022', '5'),
    ('G0297', 'H0065', '1'),
    ('G0297', 'H0074', '3'),
    ('G0298', 'H0022', '3'),
    ('G0298', 'H0074', '7'),
    ('G0298', 'H0004', '2'),
    ('G0299', 'H0074', '5'),
    ('G0299', 'H0039', '1'),
    ('G0299', 'H0017', '7'),
    ('G0299', 'H0050', '1'),
    ('G0300', 'H0050', '3'),
    ('G0300', 'H0074', '1'),
    ('G0300', 'H0017', '6'),
    ('G0300', 'H0039', '18'),
    ('G0300', 'H0009', '12'),
    ('G0301', 'H0018', '5'),
    ('G0302', 'H0018', '5'),
    ('G0302', 'H0054', '2'),
    ('G0302', 'H0064', '6'),
    ('G0302', 'H0007', '17'),
    ('G0303', 'H0042', '1'),
    ('G0303', 'H0071', '1'),
    ('G0303', 'H0053', '1'),
    ('G0305', 'H0071', '15'),
    ('G0305', 'H0053', '3'),
    ('G0305', 'H0060', '17'),
    ('G0306', 'H0012', '10'),
    ('G0306', 'H0054', '15'),
    ('G0306', 'H0072', '18'),
    ('G0306', 'H0040', '6'),
    ('G0306', 'H0067', '9'),
    ('G0306', 'H0053', '4'),
    ('G0307', 'H0014', '4'),
    ('G0308', 'H0012', '5'),
    ('G0309', 'H0051', '1'),
    ('G0309', 'H0014', '7'),
    ('G0309', 'H0012', '1'),
    ('G0310', 'H0012', '3'),
    ('G0310', 'H0014', '6'),
    ('G0310', 'H0051', '8'),
    ('G0310', 'H0020', '3');